Date,LocationID,Time,Species,Length,Weight,Bait,Latitude,Longitude,WeatherID
8/20/2023,7,15:18:00,Pumpkinseed,5,0.1,Nightcrawler,39.62903645,-79.95289774,1
8/20/2023,14,20:35:00,Green Sunfish,4,0.1,Nightcrawler,39.62321815,-79.96827416,1
8/22/2023,14,19:52:00,Green Sunfish,4,0.1,Nightcrawler,39.62361849,-79.96760695,1
8/22/2023,14,20:30:00,Walleye,14.5,0.99,Crankbait,39.62365007,-79.96738131,1
8/23/2023,14,19:40:00,Green Sunfish,4,0.1,Nightcrawler,39.62338536,-79.96804982,1
8/23/2023,14,20:10:00,Green Sunfish,3.5,0.08,Nightcrawler,39.62361608,-79.96829697,1
8/28/2023,23,19:35:00,Creek Chub,8.5,0.15,Trout Magnet,39.67072257,-79.96719784,1
8/29/2023,23,18:30:00,Smallmouth Bass,8.5,0.39,Trout Magnet,39.67945044,-79.97134311,1
8/29/2023,14,19:30:00,Spotted Bass,10,0.48,Trout Magnet,39.68448756,-79.95638666,1
8/29/2023,14,19:45:00,Yellow Perch,6,0.15,Trout Magnet,39.68440118,-79.95635324,1
8/31/2023,14,19:50:00,Spotted Bass,9.5,0.58,Paddletail,39.68439348,-79.96186355,1
9/1/2023,14,7:50:00,Largemouth Bass,8,0.37,Paddletail,39.68454553,-79.96185321,1
9/2/2023,14,18:45:00,Largemouth Bass,8,0.52,Paddletail,39.68478185,-79.96287488,1
9/3/2023,4,19:15:00,Green Sunfish,7,0.25,Jig,39.70662299,-79.83609452,1
9/6/2023,4,6:40:00,Green Sunfish,6,0.1,Popper,39.71229138,-79.84354058,1
9/6/2023,4,6:45:00,Green Sunfish,6.5,0.1,Popper,39.71239611,-79.84267372,1
9/6/2023,4,6:50:00,Green Sunfish,5.5,0.1,Popper,39.71282623,-79.84316712,1
9/6/2023,4,7:05:00,Green Sunfish,5,0.1,Popper,39.71347823,-79.84204257,1
9/6/2023,4,7:35:00,Spotted Bass,9,0.25,Popper,39.7152193,-79.84203339,1
9/6/2023,4,7:38:00,Largemouth Bass,13,1.12,Popper,39.71423615,-79.84156981,1
9/6/2023,4,7:45:00,Green Sunfish,5,0.1,Popper,39.71330597,-79.84194025,1
9/6/2023,4,7:55:00,Spotted Bass,9,0.25,Popper,39.71252335,-79.84219553,1
9/6/2023,4,8:05:00,Green Sunfish,6,0.1,Popper,39.71278613,-79.84385239,1
9/6/2023,4,8:25:00,Largemouth Bass,13,1.27,Popper,39.70782043,-79.84092535,1
9/6/2023,4,8:45:00,Green Sunfish,7,0.1,Popper,39.70712853,-79.83660593,1
9/6/2023,4,9:00:00,Largemouth Bass,15,1.76,Popper,39.70833492,-79.83599668,1
9/6/2023,4,9:10:00,Spotted Bass,4.5,0.05,Popper,39.70826412,-79.83638463,1
9/6/2023,4,9:15:00,Spotted Bass,9,0.25,Popper,39.70853993,-79.83741008,1
9/6/2023,4,9:18:00,Green Sunfish,6,0.1,Popper,39.7089443,-79.83736415,1
9/6/2023,4,9:25:00,Spotted Bass,9,0.25,Popper,39.70955694,-79.83899662,1
9/6/2023,4,9:30:00,Green Sunfish,6,0.1,Popper,39.70987166,-79.83926108,1
9/6/2023,4,9:35:00,Green Sunfish,5,0.1,Popper,39.70981959,-79.83984226,1
9/6/2023,4,9:55:00,Spotted Bass,9,0.25,Popper,39.70809435,-79.84027967,1
9/6/2023,4,10:00:00,Green Sunfish,5,0.1,Popper,39.70828393,-79.84057205,1
9/6/2023,4,19:10:00,Green Sunfish,5,0.1,Popper,39.70897155,-79.83667467,1
9/6/2023,4,19:12:00,Smallmouth Bass,5,0.05,Popper,39.70850992,-79.83667126,1
9/6/2023,4,19:15:00,Bluegill,7,0.2,Popper,39.70826863,-79.83734269,1
9/7/2023,4,6:45:00,Largemouth Bass,10,0.61,Popper,39.70807637,-79.84072293,1
9/7/2023,4,8:00:00,Bluegill,5,0.1,Popper,39.70952312,-79.83906812,1
9/7/2023,4,8:02:00,Green Sunfish,5,0.1,Popper,39.70919268,-79.8402624,1
9/7/2023,4,8:15:00,Bluegill,6,0.2,Popper,39.70975336,-79.84145644,1
9/7/2023,4,8:20:00,Green Sunfish,6.5,0.2,Popper,39.70897214,-79.84201596,1
9/7/2023,4,8:45:00,Spotted Bass,10,0.4,Popper,39.70878994,-79.84309807,1
9/7/2023,4,9:00:00,Spotted Bass,8.5,0.3,Popper,39.71258861,-79.84434901,1
9/7/2023,4,9:05:00,Green Sunfish,5,0.1,Popper,39.71205459,-79.84402825,1
9/7/2023,4,9:08:00,Green Sunfish,4,0.1,Popper,39.71243843,-79.84340467,1
9/7/2023,4,10:00:00,Green Sunfish,5,0.1,Popper,39.712686,-79.8403195,1
9/7/2023,4,10:05:00,Green Sunfish,6,0.1,Popper,39.71199627,-79.84063261,1
9/7/2023,4,10:20:00,Spotted Bass,7,0.25,Popper,39.71041199,-79.84379782,1
9/7/2023,4,10:25:00,Green Sunfish,7,0.1,Popper,39.71160327,-79.8441954,1
9/7/2023,4,10:36:00,Green Sunfish,4,0.1,Popper,39.71165073,-79.84471757,1
9/7/2023,14,18:26:00,Rock Bass,6,0.1,Popper,39.66442727,-79.98689606,1
9/7/2023,14,19:01:00,Spotted Bass,9,0.25,Popper,39.66907704,-79.9833307,1
9/7/2023,14,19:21:00,Green Sunfish,5,0.1,Popper,39.66633162,-79.98596438,1
9/8/2023,14,7:15:00,Green Sunfish,4,0.1,Popper,39.66440714,-79.9886283,1
9/8/2023,14,7:35:00,Spotted Bass,10,0.3,Popper,39.66855466,-79.9821112,1
9/8/2023,14,7:53:00,Spotted Bass,8,0.25,Popper,39.67177068,-79.98075564,1
9/8/2023,14,9:00:00,Largemouth Bass,16,1.98,Popper,39.68065473,-79.97192832,1
9/8/2023,14,11:22:00,Longnose Gar,15,0.25,Popper,39.66025662,-79.99329611,1
9/8/2023,14,18:36:00,Largemouth Bass,12,1.03,Popper,39.66200749,-79.99164607,1
9/8/2023,14,20:00:00,Smallmouth Bass,15,1.63,Popper,39.65919928,-79.99209477,1
9/9/2023,14,16:43:00,Green Sunfish,5,0.1,Popper,39.66136269,-79.99079962,1
9/9/2023,14,17:03:00,Pumpkinseed,6,0.1,Popper,39.6644755,-79.98806684,1
9/9/2023,14,17:54:00,Smallmouth Bass,6,0.1,Popper,39.67607062,-79.98028938,1
9/9/2023,14,19:23:00,Largemouth Bass,9,0.25,Popper,39.68446547,-79.96874298,1
9/10/2023,4,7:12:00,Largemouth Bass,12,0.66,Popper,39.70624488,-79.8426225,1
9/10/2023,4,7:29:00,Spotted Bass,8,0.25,Popper,39.70451981,-79.84460569,1
9/10/2023,4,7:42:00,Green Sunfish,5,0.1,Popper,39.702138,-79.8456301,1
9/10/2023,4,7:51:00,Largemouth Bass,11,0.55,Popper,39.70236579,-79.84505042,1
9/10/2023,4,7:52:00,Green Sunfish,7,0.1,Popper,39.70258025,-79.84497221,1
9/10/2023,4,7:57:00,Largemouth Bass,14,1.36,Popper,39.70233293,-79.84529977,1
9/10/2023,4,8:34:00,Spotted Bass,7,0.1,Popper,39.69959691,-79.84471792,1
9/10/2023,4,8:46:00,Green Sunfish,6.5,0.1,Popper,39.70052799,-79.84357536,1
9/10/2023,4,8:50:00,Green Sunfish,8,0.1,Popper,39.70052845,-79.84433364,1
9/10/2023,4,8:56:00,Bluegill,5,0.1,Popper,39.70230089,-79.84398877,1
9/10/2023,4,9:16:00,Green Sunfish,6,0.1,Popper,39.70786405,-79.84196691,1
9/10/2023,4,9:45:00,Largemouth Bass,12,0.83,Popper,39.70878882,-79.84221105,1
9/10/2023,4,10:17:00,Green Sunfish,6,0.1,Popper,39.71198568,-79.84499803,1
9/10/2023,4,10:19:00,Spotted Bass,11,0.68,Popper,39.71145602,-79.84495599,1
9/10/2023,4,10:30:00,Spotted Bass,8,0.4,Popper,39.7132334,-79.84684017,1
9/10/2023,4,10:36:00,Spotted Bass,9,0.4,Popper,39.71427295,-79.84811724,1
9/10/2023,4,10:41:00,Green Sunfish,7,0.1,Popper,39.71574866,-79.8492772,1
9/10/2023,4,10:44:00,Green Sunfish,5,0.1,Popper,39.7164687,-79.85013863,1
9/10/2023,4,10:47:00,Green Sunfish,5,0.1,Popper,39.7171449,-79.85017361,1
9/10/2023,4,10:54:00,Spotted Bass,10,0.4,Popper,39.71608013,-79.84937102,1
9/10/2023,4,11:12:00,Green Sunfish,6,0.1,Popper,39.71208085,-79.84465214,1
9/10/2023,4,11:40:00,Green Sunfish,5,0.1,Popper,39.71097167,-79.84200685,1
9/10/2023,4,11:47:00,Green Sunfish,5,0.1,Popper,39.7117897,-79.84035261,1
9/10/2023,4,12:17:00,Spotted Bass,10,0.4,Popper,39.71142728,-79.84444398,1
9/10/2023,4,12:22:00,Green Sunfish,6.5,0.1,Popper,39.71103341,-79.84382553,1
9/10/2023,14,18:12:00,Longnose Gar,20,0.75,Popper,39.6781489,-79.97775947,1
9/10/2023,14,18:24:00,Rock Bass,7,0.2,Popper,39.6622844,-79.99116549,1
9/10/2023,14,19:06:00,Largemouth Bass,14,1.63,Popper,39.68253683,-79.9727594,1
9/10/2023,14,19:19:00,Largemouth Bass,9.5,0.4,Popper,39.68315847,-79.97144731,1
9/13/2023,4,6:52:00,Smallmouth Bass,15,1.52,Popper,39.70996686,-79.84317634,1
9/13/2023,4,7:10:00,Green Sunfish,5,0.1,Popper,39.71129726,-79.8437087,1
9/13/2023,4,8:02:00,Green Sunfish,7.5,0.1,Popper,39.71379603,-79.84113347,1
9/13/2023,4,8:09:00,Green Sunfish,8,0.15,Popper,39.71260321,-79.84058989,1
9/13/2023,4,8:59:00,Green Sunfish,6,0.1,Popper,39.70806078,-79.84125358,1
9/13/2023,4,10:02:00,Bluegill,9,0.25,Popper,39.70762023,-79.83538636,1
9/13/2023,14,18:12:00,Pumpkinseed,5,0.1,Popper,39.68087963,-79.97353477,1
9/13/2023,14,18:26:00,Largemouth Bass,12,1.15,Popper,39.67968805,-79.97567348,1
9/14/2023,14,7:03:00,Spotted Bass,6,0.1,Popper,39.68292391,-79.94896404,1
9/14/2023,14,7:23:00,Smallmouth Bass,14.5,1.34,Popper,39.68386585,-79.94540128,1
9/14/2023,14,7:53:00,Bluegill,6,0.1,Popper,39.6839926,-79.94422998,1
9/14/2023,14,8:26:00,Largemouth Bass,6,0.1,Popper,39.68640467,-79.9409212,1
9/14/2023,14,8:46:00,Longnose Gar,20,0.75,Popper,39.6848496,-79.94334352,1
9/14/2023,14,18:49:00,Green Sunfish,6,0.1,Popper,39.68437944,-79.94823815,1
9/14/2023,14,19:03:00,Smallmouth Bass,13,1.19,Popper,39.68500546,-79.94572086,1
9/15/2023,14,7:22:00,Spotted Bass,9,0.25,Popper,39.68265581,-79.97220688,1
9/15/2023,14,8:13:00,Spotted Bass,8.5,0.25,Popper,39.6803214,-79.97245133,1
9/15/2023,14,8:53:00,Spotted Bass,7,0.2,Popper,39.68027227,-79.97265015,1
9/15/2023,4,17:50:00,Bluegill,7,0.15,Popper,39.70970072,-79.84936354,1
9/15/2023,4,17:57:00,Bluegill,7,0.15,Popper,39.70904587,-79.84911987,1
9/15/2023,4,17:58:00,Green Sunfish,6,0.1,Popper,39.70963352,-79.84900995,1
9/15/2023,4,17:58:00,Green Sunfish,7,0.1,Popper,39.71063037,-79.84937913,1
9/15/2023,4,18:22:00,Spotted Bass,8.5,0.25,Popper,39.71016196,-79.84938323,1
9/15/2023,4,18:39:00,Spotted Bass,11,0.63,Popper,39.71113772,-79.8496868,1
9/15/2023,4,18:42:00,Spotted Bass,8,0.2,Popper,39.71092957,-79.84911767,1
9/15/2023,4,19:08:00,Largemouth Bass,13,0.83,Popper,39.70209543,-79.84527195,1
9/15/2023,4,19:21:00,Largemouth Bass,12,0.72,Popper,39.70192555,-79.84564526,1
9/16/2023,4,7:22:00,Spotted Bass,8.5,0.25,Popper,39.70923827,-79.84880246,1
9/16/2023,4,7:55:00,Spotted Bass,7.5,0.2,Popper,39.71226129,-79.85046854,1
9/16/2023,4,7:59:00,Spotted Bass,10.5,0.5,Popper,39.71248333,-79.85013816,1
9/16/2023,4,8:02:00,Largemouth Bass,13,1.12,Popper,39.71277774,-79.85047561,1
9/16/2023,4,8:38:00,Spotted Bass,9.5,0.3,Popper,39.71280934,-79.85054241,1
9/16/2023,4,8:43:00,Spotted Bass,9.5,0.25,Popper,39.71099904,-79.84910901,1
9/16/2023,4,8:53:00,Green Sunfish,6,0.1,Popper,39.70932689,-79.84940175,1
9/16/2023,4,8:54:00,Green Sunfish,6,0.1,Popper,39.70992857,-79.84946129,1
9/16/2023,4,9:29:00,Largemouth Bass,9,0.25,Popper,39.70271383,-79.84548022,1
9/16/2023,4,9:35:00,Spotted Bass,9,0.25,Popper,39.70272885,-79.84462531,1
9/16/2023,4,10:03:00,Largemouth Bass,13,1.01,Popper,39.70200813,-79.84438544,1
9/16/2023,4,10:08:00,Largemouth Bass,9,0.3,Popper,39.70178363,-79.84432411,1
9/17/2023,4,16:24:00,Smallmouth Bass,10,0.37,Popper,39.70703253,-79.84205534,1
9/17/2023,4,16:38:00,Green Sunfish,7,0.1,Popper,39.7051217,-79.8440639,1
9/17/2023,4,16:40:00,Green Sunfish,8,0.1,Popper,39.70425277,-79.84423741,1
9/17/2023,4,16:48:00,Green Sunfish,7,0.1,Popper,39.70302326,-79.84512515,1
9/17/2023,4,16:59:00,Largemouth Bass,12.5,0.92,Popper,39.70232558,-79.84509741,1
9/17/2023,4,17:19:00,Green Sunfish,7,0.1,Popper,39.70150927,-79.84348385,1
9/19/2023,4,7:44:00,Largemouth Bass,13.5,0.99,Popper,39.70205283,-79.84508948,1
9/20/2023,4,6:55:00,Smallmouth Bass,9.5,0.3,Popper,39.71020508,-79.84361098,1
9/20/2023,4,7:45:00,Green Sunfish,7.5,0.1,Popper,39.71214355,-79.84613079,1
9/20/2023,4,7:56:00,Bluegill,7,0.1,Popper,39.71413203,-79.84804993,1
9/20/2023,4,9:27:00,Spotted Bass,10,0.3,Live Bait,39.7109158,-79.84906711,1
9/20/2023,4,11:25:00,Spotted Bass,10,0.4,Fluke,39.71325156,-79.85203467,1
9/20/2023,4,11:31:00,Spotted Bass,10,0.4,Fluke,39.71350628,-79.85217591,1
9/21/2023,14,8:18:00,Spotted Bass,9,0.25,Popper,39.68553073,-79.94135448,1
9/22/2023,14,7:05:00,Smallmouth Bass,16,1.82,Popper,39.68352199,-79.95113068,1
9/23/2023,4,6:56:00,Spotted Bass,8.5,0.25,Popper,39.712706,-79.85127454,1
9/23/2023,4,7:00:00,Spotted Bass,11,0.25,Popper,39.71374136,-79.8514306,1
9/23/2023,4,7:28:00,Spotted Bass,10,0.25,Popper,39.7146688,-79.85417383,1
9/23/2023,4,9:06:00,Spotted Bass,9,0.25,Crankbait,39.71045285,-79.8492966,1
9/23/2023,4,9:15:00,Muskellunge,21,1.52,Crankbait,39.70938605,-79.84874949,1
9/23/2023,4,10:08:00,Spotted Bass,7,0.2,Crankbait,39.70546928,-79.84988295,1
9/24/2023,4,18:24:00,Green Sunfish,7.5,0.1,Popper,39.702912,-79.84534428,1
9/24/2023,4,18:45:00,Largemouth Bass,12,0.72,Popper,39.70175561,-79.84417671,1
9/25/2023,4,8:36:00,Largemouth Bass,13,1.19,Crankbait,39.71178075,-79.84410195,1
9/27/2023,4,10:59:00,Smallmouth Bass,10.5,0.4,Crankbait,39.69932729,-79.85127144,1
9/27/2023,4,12:18:00,Smallmouth Bass,11.5,0.7,Crankbait,39.71109243,-79.8431171,1
9/27/2023,4,12:24:00,Largemouth Bass,12,0.97,Crankbait,39.71150661,-79.84326993,1
9/27/2023,4,19:25:00,Spotted Bass,11,0.5,Trout Magnet,39.71112521,-79.84173111,1
9/29/2023,14,19:23:00,Sauger,11,0.7,Crankbait,39.62379384,-79.96751405,1
9/30/2023,4,7:32:00,Smallmouth Bass,6.5,0.1,Popper,39.71185956,-79.84496032,1
9/30/2023,4,8:09:00,Spotted Bass,9,0.25,Crankbait,39.71630869,-79.8498204,1
9/30/2023,4,8:18:00,Spotted Bass,9,0.25,Crankbait,39.71808335,-79.85292876,1
9/30/2023,4,8:59:00,Spotted Bass,12.5,0.92,Crankbait,39.71227562,-79.84114129,1
9/30/2023,4,9:40:00,Largemouth Bass,14.5,1.49,Crankbait,39.71540747,-79.8398021,1
9/30/2023,4,9:51:00,Largemouth Bass,14.5,1.17,Crankbait,39.71353229,-79.84157608,1
9/30/2023,4,9:56:00,Largemouth Bass,14.5,1.49,Crankbait,39.71230674,-79.84116077,1
9/30/2023,4,10:07:00,Largemouth Bass,14,1.56,Crankbait,39.71065089,-79.84232721,1
9/30/2023,4,12:10:00,Black Crappie,13,0.8,Crankbait,39.70164549,-79.84529289,1
10/1/2023,4,8:08:00,Spotted Bass,11.5,0.6,Crankbait,39.71280099,-79.84137409,1
10/1/2023,4,8:39:00,Spotted Bass,10.5,0.4,Crankbait,39.71507774,-79.84010209,1
10/1/2023,4,9:16:00,Largemouth Bass,12,0.61,Crankbait,39.70178793,-79.84524768,1
10/3/2023,14,17:07:00,Smallmouth Bass,9,0.3,Crankbait,39.58326607,-80.01073549,1
10/3/2023,14,17:10:00,Smallmouth Bass,9,0.3,Crankbait,39.58337811,-80.01088212,1
10/3/2023,14,17:16:00,Smallmouth Bass,12.5,0.83,Crankbait,39.58380169,-80.01040256,1
10/4/2023,14,7:24:00,Spotted Bass,9,0.25,Fluke,39.68462412,-79.96159763,1
10/4/2023,14,7:26:00,Spotted Bass,10,0.25,Fluke,39.68495382,-79.9610875,1
10/4/2023,14,7:35:00,Sauger,12,0.5,Crankbait,39.68491833,-79.9621155,1
10/4/2023,14,8:03:00,Yellow Perch,9,0.2,Fluke,39.68039049,-79.97273651,1
10/4/2023,14,8:21:00,Walleye,15,0.7,Crankbait,39.67997688,-79.97273639,1
10/4/2023,14,9:31:00,Spotted Bass,11,0.3,Crankbait,39.67458202,-79.97927953,1
10/4/2023,14,9:45:00,Channel Catfish,21,3.41,Crankbait,39.67071035,-79.98156621,1
10/4/2023,14,10:13:00,Walleye,16,0.99,Crankbait,39.67961767,-79.97303294,1
10/4/2023,14,10:50:00,Spotted Bass,10,0.3,Crankbait,39.68507349,-79.96262771,1
10/4/2023,14,17:24:00,Smallmouth Bass,15,1.43,Crankbait,39.58875461,-79.98424294,1
10/4/2023,14,18:15:00,Largemouth Bass,12,1.05,Fluke,39.58824374,-80.00129818,1
10/4/2023,14,18:20:00,Spotted Bass,8,0.25,Fluke,39.58832249,-80.00344579,1
10/4/2023,14,18:34:00,Sauger,13,0.5,Crankbait,39.58895088,-79.99965498,1
10/4/2023,14,18:39:00,Walleye,13,0.55,Crankbait,39.5891085,-79.99833289,1
10/4/2023,14,18:42:00,Sauger,8,0.25,Crankbait,39.58906379,-79.99781139,1
10/5/2023,14,8:45:00,Spotted Bass,8.5,0.2,Crankbait,39.68539444,-79.96227855,1
10/5/2023,14,9:16:00,Spotted Bass,11,0.5,Crankbait,39.6843829,-79.96913983,1
10/5/2023,14,10:45:00,Walleye,15,0.88,Crankbait,39.67994606,-79.97316783,1
10/5/2023,14,11:14:00,Spotted Bass,8,0.2,Crankbait,39.68488676,-79.96668134,1
10/5/2023,14,18:03:00,Walleye,18,1.55,Crankbait,39.68061378,-79.97390543,1
10/5/2023,14,18:32:00,Spotted Bass,7,0.2,Crankbait,39.68495551,-79.96518181,1
10/6/2023,14,18:09:00,Sauger,13,0.75,Crankbait,39.68256169,-79.97260512,1
10/7/2023,14,8:18:00,Spotted Bass,9,0.2,Crankbait,39.58911317,-79.99503634,1
10/7/2023,14,8:27:00,Spotted Bass,9,0.2,Crankbait,39.58886194,-79.99788574,1
10/7/2023,14,8:34:00,Spotted Bass,10,0.25,Crankbait,39.58827556,-79.99931466,1
10/7/2023,14,8:40:00,Smallmouth Bass,11,0.4,Crankbait,39.58822908,-80.00089642,1
10/7/2023,14,9:02:00,Sauger,13,0.6,Crankbait,39.58949718,-80.00565239,1
10/7/2023,14,9:12:00,Walleye,14,0.75,Crankbait,39.59247199,-80.01021355,1
10/7/2023,14,9:20:00,Spotted Bass,7,0.15,Crankbait,39.59478235,-80.01248035,1
10/7/2023,14,9:50:00,Smallmouth Bass,10,0.4,Crankbait,39.58538634,-80.01649834,1
10/8/2023,14,8:24:00,Sauger,13,0.6,Crankbait,39.58845462,-80.00072483,1
10/8/2023,14,8:25:00,Spotted Bass,7,0.15,Crankbait,39.58995496,-80.0063412,1
10/8/2023,14,9:31:00,Spotted Bass,7,0.15,Crankbait,39.59053162,-80.00739069,1
10/8/2023,14,10:12:00,Spotted Bass,9,0.2,Crankbait,39.59051664,-79.98479325,1
10/8/2023,3,10:40:00,Largemouth Bass,13,1.23,Fluke,39.58766255,-79.97744399,1
10/12/2023,7,15:06:00,Creek Chub,6,0.05,Trout Magnet,39.56564617,-79.82298851,1
10/12/2023,3,15:08:00,Brown Trout,11,0.3,Trout Magnet,39.58610459,-79.97677524,1
10/12/2023,3,15:17:00,Creek Chub,7,0.05,Trout Magnet,39.58532549,-79.97583611,1
10/12/2023,3,15:21:00,Brown Trout,7,0.1,Trout Magnet,39.58643057,-79.97634529,1
10/12/2023,3,15:24:00,Creek Chub,7,0.05,Trout Magnet,39.58598768,-79.97635946,1
10/12/2023,3,15:35:00,Creek Chub,5,0.05,Trout Magnet,39.58652983,-79.97718032,1
10/12/2023,3,15:40:00,Creek Chub,7,0.05,Trout Magnet,39.58567557,-79.97574274,1
10/12/2023,3,16:48:00,Creek Chub,8,0.05,Trout Magnet,39.58619992,-79.97663672,1
10/12/2023,3,18:37:00,Creek Chub,7,0.05,Trout Magnet,39.58614078,-79.97648903,1
10/15/2023,3,15:46:00,Creek Chub,7,0.05,Trout Magnet,39.58466472,-79.97512797,1
10/15/2023,3,16:05:00,Creek Chub,4,0.05,Trout Magnet,39.58373485,-79.97538711,1
10/15/2023,3,16:14:00,Brook Trout,7,0.15,Trout Magnet,39.58443035,-79.97541773,1
10/15/2023,3,16:47:00,Creek Chub,5,0.05,Trout Magnet,39.5850087,-79.97636112,1
10/15/2023,3,16:56:00,Creek Chub,6,0.05,Trout Magnet,39.58391197,-79.97586005,1
10/15/2023,3,17:03:00,Creek Chub,4,0.05,Trout Magnet,39.58459011,-79.97639166,1
10/15/2023,3,17:13:00,Creek Chub,8,0.15,Trout Magnet,39.58452908,-79.97545115,1
10/17/2023,3,16:19:00,Creek Chub,4,0.05,Trout Magnet,39.58616379,-79.97649012,1
10/17/2023,3,17:10:00,Creek Chub,4.5,0.05,Trout Magnet,39.58354348,-79.97547114,1
10/17/2023,3,17:11:00,Creek Chub,4,0.05,Trout Magnet,39.58428786,-79.97560653,1
10/17/2023,3,17:14:00,Creek Chub,6,0.05,Trout Magnet,39.58487643,-79.97578454,1
10/17/2023,3,17:17:00,Creek Chub,5,0.05,Trout Magnet,39.58553985,-79.97572602,1
10/17/2023,3,17:41:00,Brook Trout,7,0.15,Trout Magnet,39.58583701,-79.97606853,1
10/17/2023,3,18:24:00,Brook Trout,13,0.4,Trout Magnet,39.58559585,-79.97591649,1
10/19/2023,3,15:13:00,Creek Chub,4,0.05,Trout Magnet,39.5853334,-79.97625661,1
10/19/2023,3,15:27:00,Creek Chub,6,0.05,Trout Magnet,39.58406085,-79.97550816,1
10/19/2023,3,15:44:00,Brook Trout,7,0.15,Trout Magnet,39.58364368,-79.97632293,1
10/19/2023,3,16:20:00,Brook Trout,9,0.15,Trout Magnet,39.58397017,-79.97626669,1
10/19/2023,3,16:35:00,Creek Chub,5,0.05,Trout Magnet,39.5848416,-79.97588213,1
10/19/2023,3,17:13:00,Creek Chub,4.5,0.05,Trout Magnet,39.58437727,-79.97595101,1
10/19/2023,3,17:51:00,Brook Trout,7,0.1,Trout Magnet,39.58520566,-79.97621193,1
10/19/2023,3,17:54:00,Brook Trout,7,0.1,Trout Magnet,39.58484168,-79.97589258,1
10/23/2023,3,17:16:00,Brook Trout,7.5,0.15,Trout Magnet,39.58518775,-79.97629834,1
10/23/2023,3,18:15:00,Brook Trout,6,0.1,Trout Magnet,39.58451756,-79.97593377,1
10/23/2023,3,18:18:00,Brook Trout,7.5,0.15,Trout Magnet,39.58347769,-79.97597379,1
10/27/2023,14,17:52:00,Walleye,21,2.05,Live Bait,39.68360751,-79.95666997,1
10/27/2023,14,18:50:00,White Bass,14,1.05,Cutbait,39.68382441,-79.95640656,1
11/4/2023,4,17:04:00,Yellow Perch,6,0.15,Live Bait,39.66670683,-79.85817871,1
11/4/2023,4,17:35:00,Yellow Perch,5,0.1,Live Bait,39.66664869,-79.85797789,1
11/4/2023,4,17:52:00,Yellow Perch,6.5,0.15,Live Bait,39.6670936,-79.85847207,1
11/8/2023,4,8:00:00,Yellow Perch,6.5,0.15,Dropshot,39.66861102,-79.86443351,1
11/8/2023,4,8:05:00,Yellow Perch,8,0.2,Dropshot,39.66906651,-79.86431932,1
11/8/2023,4,13:16:00,Yellow Perch,11,0.48,Dropshot,39.66452819,-79.85725491,1
11/8/2023,4,13:18:00,Yellow Perch,8,0.2,Dropshot,39.66474884,-79.85707666,1
11/11/2023,4,8:57:00,Yellow Perch,6.5,0.15,Dropshot,39.66509521,-79.85731711,1
11/11/2023,4,9:18:00,Yellow Perch,7.5,0.2,Dropshot,39.66469322,-79.85759072,1
11/11/2023,4,11:00:00,Yellow Perch,7,0.15,Dropshot,39.66474037,-79.85739059,1
11/11/2023,4,11:04:00,Yellow Perch,7,0.15,Dropshot,39.66480609,-79.85699732,1
11/11/2023,4,11:07:00,Yellow Perch,6,0.15,Dropshot,39.66473277,-79.85739841,1
11/11/2023,4,11:17:00,Yellow Perch,8,0.2,Dropshot,39.66479758,-79.85708144,1
11/11/2023,4,11:50:00,Yellow Perch,7.5,0.15,Dropshot,39.66489445,-79.85781553,1
11/12/2023,4,9:56:00,Bluegill,8,0.25,Nightcrawler,39.71609479,-79.84025436,1
11/12/2023,4,10:02:00,Bluegill,9,0.3,Nightcrawler,39.71604237,-79.84065596,1
11/12/2023,4,10:20:00,Bluegill,8,0.25,Nightcrawler,39.7156642,-79.84028281,1
11/12/2023,4,10:44:00,Bluegill,8,0.25,Nightcrawler,39.71536435,-79.84037709,1
11/12/2023,4,10:56:00,Bluegill,7.5,0.2,Nightcrawler,39.7151712,-79.83993635,1
11/12/2023,4,11:26:00,Bluegill,8,0.25,Nightcrawler,39.71545033,-79.84003553,1
11/12/2023,4,11:29:00,Bluegill,8.5,0.25,Nightcrawler,39.71525744,-79.83983633,1
11/12/2023,4,11:39:00,Bluegill,7,0.2,Nightcrawler,39.71521819,-79.83996412,1
11/12/2023,4,12:38:00,Bluegill,8,0.25,Nightcrawler,39.7155903,-79.84028974,1
11/12/2023,4,12:57:00,Bluegill,8,0.2,Nightcrawler,39.71540465,-79.83990913,1
11/12/2023,4,13:07:00,Bluegill,7,0.2,Nightcrawler,39.7158339,-79.84055763,1
11/12/2023,4,13:10:00,Bluegill,8.5,0.25,Nightcrawler,39.71537772,-79.84011324,1
11/12/2023,4,15:36:00,Black Crappie,12,0.74,Nightcrawler,39.71527265,-79.83986217,1
11/15/2023,4,10:43:00,Bluegill,7.5,0.2,Nightcrawler,39.71578335,-79.83997386,1
11/15/2023,4,10:58:00,Bluegill,8,0.25,Nightcrawler,39.71598896,-79.83992639,1
11/15/2023,4,12:27:00,Largemouth Bass,13,1.21,Crankbait,39.71225497,-79.84292168,1
11/17/2023,4,7:45:00,Bluegill,8.5,0.25,Nightcrawler,39.71576484,-79.83987853,1
11/17/2023,4,9:04:00,White Bass,16,1.98,Crankbait,39.71442456,-79.84129976,1
11/29/2023,14,15:15:00,Muskellunge,29,4.14,Crankbait,39.58833852,-79.99781826,1
12/1/2023,14,8:07:00,Sauger,12,0.6,Crankbait,39.58985821,-79.99336814,1
12/1/2023,14,9:12:00,Muskellunge,29,4.12,Crankbait,39.59431932,-80.01159263,1
12/1/2023,14,10:03:00,Smallmouth Bass,12,0.7,Crankbait,39.58819116,-80.01858981,1
1/5/2024,3,14:25:00,Brook Trout,6,0.1,Trout Magnet,39.58493285,-79.97608129,1
1/5/2024,3,14:37:00,Creek Chub,7,0.1,Trout Magnet,39.58496461,-79.97582038,1
1/5/2024,3,15:17:00,Brook Trout,5.5,0.1,Trout Magnet,39.58341725,-79.97575673,1
1/5/2024,3,15:27:00,Brook Trout,7.5,0.1,Trout Magnet,39.58339623,-79.97536601,1
1/14/2024,3,14:54:00,Brook Trout,9,0.1,Trout Magnet,39.5840706,-79.97529099,1
1/26/2024,4,14:11:00,Walleye,18,2.11,Live Bait,39.71778183,-79.84213836,1
1/27/2024,4,13:08:00,Black Crappie,8,0.25,Live Bait,39.71896992,-79.8393758,1
1/27/2024,4,13:22:00,Black Crappie,11,0.5,Live Bait,39.71939136,-79.83972238,1
1/27/2024,4,13:34:00,Black Crappie,11,0.5,Live Bait,39.71890778,-79.83985209,1
1/27/2024,4,13:49:00,Black Crappie,10,0.5,Live Bait,39.71909369,-79.83908504,1
2/10/2024,4,12:45:00,Largemouth Bass,15.5,1.65,Crankbait,39.71672143,-79.84084282,1
2/23/2024,4,12:18:00,Largemouth Bass,16,1.84,Crankbait,39.7167929,-79.84126711,1
2/27/2024,4,16:05:00,Yellow Perch,7,0.1,Dropshot,39.71835571,-79.84061114,1
2/27/2024,4,16:26:00,Yellow Perch,5,0.1,Nightcrawler,39.71870052,-79.84139576,1
2/27/2024,4,16:33:00,Yellow Perch,8,0.2,Nightcrawler,39.71884013,-79.84068182,1
2/27/2024,4,17:04:00,Yellow Perch,8,0.2,Nightcrawler,39.71854256,-79.84010014,1
2/27/2024,4,17:05:00,Bluegill,9,0.1,Nightcrawler,39.71819736,-79.84076588,1
3/4/2024,4,16:16:00,Yellow Perch,11,0.25,Live Bait,39.70932851,-79.84107986,1
3/16/2024,8,16:14:00,Largemouth Bass,15,1.43,Chatterbait,39.50433002,-79.2684775,10
3/16/2024,8,16:58:00,Chain Pickerel,19,1.6,Live Bait,39.50439078,-79.26776587,10
3/22/2024,4,15:36:00,Rock Bass,8,0.25,Nightcrawler,39.71586956,-79.84068454,1
3/22/2024,4,15:40:00,Spotted Bass,11,0.79,Nightcrawler,39.71566856,-79.84070866,1
3/22/2024,4,15:49:00,Yellow Perch,9,0.2,Nightcrawler,39.7158841,-79.84073355,1
3/22/2024,4,16:00:00,Bluegill,9,0.2,Nightcrawler,39.71623999,-79.84067233,1
3/22/2024,4,16:15:00,Yellow Perch,8.5,0.2,Nightcrawler,39.71557513,-79.84058927,1
3/22/2024,4,16:30:00,Yellow Perch,7,0.1,Nightcrawler,39.71635355,-79.84106455,1
3/22/2024,4,16:39:00,Yellow Perch,7,0.1,Nightcrawler,39.71584165,-79.84058427,1
3/24/2024,14,19:25:00,Smallmouth Bass,13,1.34,Crankbait,39.68552869,-79.96547363,1
3/25/2024,4,14:28:00,Yellow Perch,10,0.44,Nightcrawler,39.71553076,-79.84144113,1
3/25/2024,4,14:43:00,Bluegill,5,0.1,Nightcrawler,39.7160775,-79.84149768,1
3/25/2024,4,15:00:00,Bluegill,5,0.1,Nightcrawler,39.71659671,-79.84114957,1
3/25/2024,4,16:24:00,Largemouth Bass,11,0.65,Nightcrawler,39.71554381,-79.84116637,1
3/25/2024,4,17:21:00,Spotted Bass,9,0.25,Nightcrawler,39.71634737,-79.84092803,1
3/29/2024,16,8:15:00,Yellow Perch,8,0.15,Live Bait,41.65748199,-80.46389404,5
3/29/2024,16,10:28:00,Yellow Perch,10,0.25,Live Bait,41.65777905,-80.4634501,5
3/30/2024,5,9:50:00,Largemouth Bass,19,3.06,Crankbait,41.62503559,-80.31244695,5
3/31/2024,4,13:52:00,Yellow Perch,11,0.55,Nightcrawler,39.71507049,-79.84032769,1
3/31/2024,4,15:13:00,Bluegill,8,0.1,Nightcrawler,39.72066297,-79.83868547,1
3/31/2024,4,17:18:00,Largemouth Bass,10,0.2,Jerkbait,39.70965561,-79.83942983,1
3/31/2024,4,17:32:00,Largemouth Bass,10,0.2,Jerkbait,39.70917637,-79.8374474,1
3/31/2024,4,17:36:00,Largemouth Bass,8,0.15,Jerkbait,39.70807369,-79.83577899,1
3/31/2024,4,18:06:00,Largemouth Bass,12,0.94,Jerkbait,39.70664476,-79.83634613,1
3/31/2024,4,18:09:00,Bluegill,6,0.1,Jerkbait,39.70704969,-79.83649525,1
3/31/2024,4,18:16:00,Largemouth Bass,10,0.25,Jerkbait,39.70762913,-79.83712521,1
3/31/2024,4,18:17:00,Yellow Perch,6,0.1,Dropshot,39.70776068,-79.8373918,1
4/1/2024,4,15:05:00,Largemouth Bass,11,0.77,Jerkbait,39.71358201,-79.84252822,1
4/1/2024,4,15:59:00,Largemouth Bass,7,0.1,Jerkbait,39.71484636,-79.84132989,1
4/1/2024,4,16:16:00,Largemouth Bass,10,0.45,Jerkbait,39.71512148,-79.84144804,1
4/1/2024,4,17:10:00,Largemouth Bass,10,0.35,Jerkbait,39.71296766,-79.84283122,1
4/8/2024,7,17:23:00,River Redhorse,22,3.39,Crankbait,39.62955226,-79.95327949,1
4/8/2024,7,17:55:00,Spotted Bass,11,0.63,Crankbait,39.62693797,-79.95730399,1
4/8/2024,7,18:01:00,Walleye,11,0.55,Crankbait,39.6261982,-79.95733163,1
4/9/2024,7,13:55:00,Smallmouth Bass,12,0.72,Crankbait,39.62962296,-79.95343956,1
4/9/2024,7,14:28:00,River Redhorse,23,5,Grub,39.62902326,-79.95320849,1
4/9/2024,7,14:35:00,Smallmouth Bass,11,0.55,Grub,39.6289559,-79.95298758,1
4/9/2024,7,14:48:00,Largemouth Bass,13,1.05,Grub,39.62908825,-79.95265573,1
4/9/2024,7,15:09:00,Largemouth Bass,11,0.5,Grub,39.62975963,-79.95304737,1
4/9/2024,7,16:19:00,Largemouth Bass,11,0.52,Paddletail,39.62904852,-79.95303879,1
4/9/2024,7,16:54:00,River Redhorse,22,4.43,Paddletail,39.62918021,-79.95280736,1
4/9/2024,7,17:00:00,Walleye,13,0.59,Paddletail,39.62924785,-79.95280875,1
4/9/2024,7,17:16:00,Smallmouth Bass,12,0.92,Paddletail,39.62908141,-79.95348013,1
4/9/2024,7,17:19:00,Smallmouth Bass,13,0.99,Paddletail,39.6291778,-79.95261302,1
4/9/2024,7,17:22:00,Smallmouth Bass,12,0.68,Paddletail,39.62930008,-79.95344093,1
4/9/2024,7,17:48:00,Largemouth Bass,12,0.92,Crankbait,39.62935653,-79.95278349,1
4/9/2024,7,17:55:00,River Redhorse,23,5.59,Crankbait,39.62967933,-79.95335086,1
4/9/2024,7,18:16:00,Smallmouth Bass,11,0.5,Paddletail,39.62942367,-79.95338297,1
4/10/2024,7,9:51:00,Smallmouth Bass,9,0.25,Paddletail,39.62935375,-79.9533182,1
4/10/2024,7,10:04:00,Rock Bass,7,0.25,Paddletail,39.62975445,-79.95318938,1
4/10/2024,7,10:40:00,Smallmouth Bass,10,0.4,Paddletail,39.62890938,-79.95323386,1
4/10/2024,7,10:52:00,Largemouth Bass,13,1.01,Paddletail,39.6295804,-79.95322624,1
4/10/2024,7,12:37:00,Largemouth Bass,12,0.7,Paddletail,39.62884672,-79.95324024,1
4/11/2024,7,8:14:00,Rock Bass,7,0.2,Paddletail,39.6296028,-79.95278414,1
4/11/2024,7,8:17:00,Smallmouth Bass,12,0.72,Paddletail,39.62952947,-79.95278589,1
4/11/2024,7,8:25:00,Largemouth Bass,12,0.9,Paddletail,39.62912721,-79.95292461,1
4/11/2024,7,8:49:00,Smallmouth Bass,11,0.52,Paddletail,39.62920102,-79.9525665,1
4/11/2024,7,8:53:00,Largemouth Bass,11,0.7,Paddletail,39.62932366,-79.95343451,1
4/11/2024,7,8:57:00,Rock Bass,7,0.2,Paddletail,39.62891205,-79.95275776,1
4/11/2024,7,9:01:00,Rock Bass,7.5,0.2,Paddletail,39.6297022,-79.9532359,1
4/11/2024,7,9:18:00,Largemouth Bass,11,0.61,Jerkbait,39.62946983,-79.95280416,1
4/11/2024,3,12:09:00,Smallmouth Bass,12,0.94,Jig,39.58655734,-79.97667498,1
4/11/2024,3,12:32:00,Smallmouth Bass,11,0.77,Jerkbait,39.58668248,-79.97601422,1
4/11/2024,3,12:35:00,Smallmouth Bass,10,0.57,Jerkbait,39.58664168,-79.97659063,1
4/11/2024,3,12:39:00,Smallmouth Bass,12,0.85,Jerkbait,39.58613375,-79.97658266,1
4/11/2024,3,12:47:00,Smallmouth Bass,14,1.25,Jerkbait,39.58607324,-79.97604178,1
4/11/2024,7,16:10:00,Largemouth Bass,12,0.7,Jerkbait,39.62962602,-79.95289457,1
4/11/2024,7,16:23:00,Largemouth Bass,14,1.27,Paddletail,39.62932731,-79.95345539,1
4/11/2024,7,16:28:00,Rock Bass,7,0.2,Paddletail,39.6294577,-79.95303432,1
4/11/2024,7,16:31:00,Rock Bass,7,0.2,Paddletail,39.62902251,-79.95276831,1
4/11/2024,7,16:34:00,Rock Bass,7,0.2,Paddletail,39.62914479,-79.95308144,1
4/13/2024,3,13:19:00,Smallmouth Bass,13,1.08,Paddletail,39.58598162,-79.97633956,1
4/13/2024,3,13:36:00,Smallmouth Bass,14,1.19,Paddletail,39.5866804,-79.97628505,1
4/13/2024,3,13:44:00,Smallmouth Bass,14,1.34,Paddletail,39.58607241,-79.97638596,1
4/14/2024,5,8:29:00,Largemouth Bass,19,3.06,Chatterbait,41.62544686,-80.31325707,5
4/14/2024,5,10:50:00,Largemouth Bass,11,0.63,Jerkbait,41.62198032,-80.31358308,5
4/14/2024,5,14:23:00,Bluegill,5,0.1,Nightcrawler,41.60564988,-80.29184208,5
4/14/2024,5,14:46:00,Bluegill,5,0.1,Nightcrawler,41.60593231,-80.29112043,5
4/14/2024,5,16:12:00,Redbreast Sunfish,8,0.25,Nightcrawler,41.60577373,-80.29136394,5
4/14/2024,5,16:14:00,Bluegill,6,0.15,Nightcrawler,41.60590966,-80.29150343,5
4/14/2024,5,16:25:00,Pumpkinseed,8,0.25,Nightcrawler,41.60546031,-80.29191202,5
4/15/2024,7,15:37:00,Smallmouth Bass,13,1.01,Paddletail,39.62923626,-79.95322612,1
4/15/2024,7,15:42:00,Smallmouth Bass,11,0.5,Paddletail,39.62889244,-79.95342817,1
4/15/2024,7,15:50:00,Smallmouth Bass,9,0.3,Paddletail,39.62945493,-79.95327324,1
4/15/2024,7,15:52:00,Smallmouth Bass,11,0.5,Paddletail,39.62882756,-79.95312807,1
4/15/2024,7,15:56:00,Largemouth Bass,10,0.44,Paddletail,39.62881125,-79.95309685,1
4/15/2024,7,16:05:00,Smallmouth Bass,14,1.3,Nedd Rig,39.62967061,-79.95310639,1
4/15/2024,3,18:23:00,Quillback,19,3.21,Paddletail,39.5864447,-79.9769416,1
4/16/2024,7,14:07:00,Smallmouth Bass,13,0.99,Paddletail,39.62958375,-79.95257475,1
4/16/2024,7,14:09:00,Smallmouth Bass,11,0.61,Paddletail,39.62880634,-79.95189597,1
4/16/2024,7,14:26:00,Rock Bass,7,0.2,Paddletail,39.62884778,-79.95296635,1
4/16/2024,7,14:29:00,Smallmouth Bass,14,1.27,Paddletail,39.62887828,-79.95329077,1
4/16/2024,7,14:34:00,Rock Bass,6,0.15,Paddletail,39.62901283,-79.9529676,1
4/16/2024,7,14:35:00,Smallmouth Bass,11,0.4,Paddletail,39.62896907,-79.95283592,1
4/16/2024,7,14:38:00,Smallmouth Bass,10,0.4,Paddletail,39.62907783,-79.95264037,1
4/16/2024,7,14:41:00,Largemouth Bass,13,0.97,Paddletail,39.62900469,-79.95277326,1
4/16/2024,7,14:43:00,Smallmouth Bass,12.5,0.93,Paddletail,39.6290381,-79.95270971,1
4/16/2024,7,15:06:00,Smallmouth Bass,14.5,1.41,Crankbait,39.6294111,-79.95294087,1
4/16/2024,7,15:50:00,Smallmouth Bass,8,0.25,Paddletail,39.62560736,-79.9461211,1
4/16/2024,7,16:09:00,Smallmouth Bass,15,1.75,Paddletail,39.62471343,-79.94343321,1
4/16/2024,7,16:19:00,Smallmouth Bass,15,1.85,Paddletail,39.62490191,-79.94414465,1
4/16/2024,7,16:34:00,Largemouth Bass,11,0.77,Paddletail,39.62464728,-79.94354655,1
4/16/2024,7,16:37:00,Smallmouth Bass,12,0.92,Paddletail,39.62520627,-79.94434583,1
4/16/2024,7,16:44:00,Smallmouth Bass,12,0.62,Paddletail,39.62512855,-79.94396522,1
4/17/2024,7,15:04:00,Smallmouth Bass,10,0.4,Paddletail,39.62440487,-79.94463048,1
4/17/2024,7,15:10:00,Smallmouth Bass,10,0.4,Paddletail,39.62481369,-79.94439941,1
4/17/2024,7,15:37:00,Rock Bass,8,0.2,Paddletail,39.62878727,-79.95334614,1
4/17/2024,7,15:39:00,Smallmouth Bass,11,0.57,Paddletail,39.6289186,-79.95333988,1
4/17/2024,7,15:46:00,Rock Bass,9,0.25,Paddletail,39.62884582,-79.95298177,1
4/17/2024,7,15:50:00,Rock Bass,8,0.2,Paddletail,39.62894839,-79.95294151,1
4/17/2024,7,15:55:00,Smallmouth Bass,9.5,0.25,Paddletail,39.62976159,-79.95291463,1
4/17/2024,7,15:57:00,Rock Bass,8,0.15,Paddletail,39.62896287,-79.9527429,1
4/17/2024,7,16:13:00,Smallmouth Bass,11,0.55,Jerkbait,39.62909456,-79.95321943,1
4/17/2024,7,18:03:00,Smallmouth Bass,8,0.25,Paddletail,39.62926046,-79.95352352,1
4/17/2024,7,18:05:00,Smallmouth Bass,11,0.61,Grub,39.62929388,-79.95294871,1
4/17/2024,7,18:20:00,Rock Bass,7,0.15,Paddletail,39.62908641,-79.9526259,1
4/17/2024,7,18:23:00,Rock Bass,7,0.15,Paddletail,39.62948675,-79.95335667,1
4/17/2024,7,18:40:00,Rock Bass,7,0.15,Paddletail,39.62977636,-79.95307705,1
4/17/2024,7,18:46:00,Smallmouth Bass,10,0.3,Paddletail,39.62925362,-79.95340157,1
4/17/2024,7,18:55:00,Rock Bass,7,0.15,Paddletail,39.62958511,-79.95354794,1
4/17/2024,7,19:12:00,Smallmouth Bass,11,0.5,Paddletail,39.62479083,-79.94465083,1
4/17/2024,7,19:18:00,Smallmouth Bass,8,0.25,Paddletail,39.62509437,-79.94438358,1
4/17/2024,7,19:21:00,Smallmouth Bass,10,0.3,Paddletail,39.62521952,-79.94456054,1
4/18/2024,7,13:12:00,Rock Bass,7.5,0.2,Paddletail,39.62955943,-79.95289141,1
4/18/2024,7,13:17:00,Smallmouth Bass,9,0.3,Paddletail,39.62921091,-79.95299451,1
4/18/2024,7,13:27:00,Smallmouth Bass,11,0.4,Paddletail,39.62965044,-79.9531962,1
4/18/2024,7,16:02:00,Rock Bass,6,0.1,Paddletail,39.62930662,-79.95340892,1
4/19/2024,4,16:13:00,Largemouth Bass,6,0.1,Jerkbait,39.70924681,-79.83854025,1
4/19/2024,4,16:34:00,Largemouth Bass,12,0.88,Jerkbait,39.70736963,-79.83476232,1
4/19/2024,4,17:33:00,Largemouth Bass,11,0.74,Jerkbait,39.70264514,-79.84480114,1
4/19/2024,4,18:04:00,Largemouth Bass,14,1.16,Jerkbait,39.69989189,-79.84463579,1
4/19/2024,4,19:39:00,Largemouth Bass,12,0.7,Jerkbait,39.70164942,-79.84430541,1
4/20/2024,4,9:08:00,Black Crappie,14,1.08,Crappie Magnet,39.70007833,-79.84455913,1
4/20/2024,4,10:33:00,Largemouth Bass,15,1.17,Crappie Magnet,39.69967441,-79.84454588,1
4/20/2024,4,10:36:00,Black Crappie,10,0.41,Crappie Magnet,39.69925599,-79.84391841,1
4/20/2024,4,10:39:00,Largemouth Bass,12,0.9,Crappie Magnet,39.69968468,-79.84473062,1
4/20/2024,4,10:46:00,Black Crappie,12,0.68,Crappie Magnet,39.69994559,-79.84433992,1
4/20/2024,4,10:57:00,White Bass,14,1.34,Crappie Magnet,39.69930946,-79.84395402,1
4/20/2024,7,19:28:00,Smallmouth Bass,12,0.55,Paddletail,39.62952037,-79.95339123,1
4/20/2024,7,19:29:00,Rock Bass,7,0.15,Paddletail,39.62908446,-79.95308842,1
4/20/2024,7,19:33:00,Rock Bass,6,0.1,Paddletail,39.62973904,-79.9533033,1
4/20/2024,7,19:34:00,Rock Bass,7,0.15,Paddletail,39.62891112,-79.95277119,1
4/20/2024,7,19:52:00,Smallmouth Bass,11,0.81,Paddletail,39.62458333,-79.9451385,1
4/20/2024,7,19:56:00,Smallmouth Bass,15,1.68,Paddletail,39.62463259,-79.94476759,1
4/20/2024,7,20:02:00,Smallmouth Bass,10,0.25,Paddletail,39.62486601,-79.94474282,1
4/21/2024,7,17:52:00,Smallmouth Bass,9,0.2,Paddletail,39.62467212,-79.94545093,1
4/21/2024,7,18:01:00,Smallmouth Bass,10,0.3,Paddletail,39.62603261,-79.94651511,1
4/21/2024,7,18:15:00,Largemouth Bass,12.5,0.97,Paddletail,39.62944864,-79.95282021,1
4/21/2024,7,18:20:00,Rock Bass,7,0.15,Paddletail,39.62909288,-79.95269206,1
4/22/2024,4,10:45:00,Bluegill,8,0.15,Jerkbait,39.71356588,-79.84216942,1
4/22/2024,4,13:25:00,Spotted Bass,7,0.15,Crappie Magnet,39.71346289,-79.84020485,1
4/22/2024,4,14:24:00,Northern Pike,20,1.47,Jerkbait,39.71771821,-79.8413501,1
4/23/2024,4,1:21:00,Walleye,13,0.81,Crappie Magnet,39.67876496,-79.86045987,1
4/23/2024,4,1:49:00,Largemouth Bass,13,1.08,Grub,39.67891759,-79.86041337,1
4/23/2024,4,2:52:00,Yellow Perch,7,0.1,Crappie Magnet,39.66496772,-79.85534819,1
4/23/2024,14,18:31:00,Spotted Bass,9,0.25,Paddletail,39.58346641,-80.01069737,1
4/23/2024,14,18:43:00,Smallmouth Bass,16,1.85,Paddletail,39.58285252,-80.00976904,1
4/23/2024,14,18:52:00,Smallmouth Bass,13,0.83,Paddletail,39.58353687,-80.01014844,1
4/23/2024,14,18:55:00,Largemouth Bass,12,0.79,Paddletail,39.58326824,-80.0093969,1
4/25/2024,14,18:13:00,Spotted Bass,10,0.3,Paddletail,39.5836967,-80.00982842,1
4/25/2024,14,18:43:00,Smallmouth Bass,15,1.19,Paddletail,39.58324825,-80.00976773,1
4/25/2024,14,19:07:00,Walleye,13.5,0.59,Paddletail,39.58349762,-80.01017768,1
4/25/2024,14,19:46:00,Sauger,14,0.81,Paddletail,39.58338256,-80.01017367,1
4/25/2024,14,19:52:00,Sauger,14,0.66,Paddletail,39.58370692,-80.00999047,1
4/26/2024,14,18:26:00,Largemouth Bass,16,1.94,Paddletail,39.58297466,-80.00913133,1
4/26/2024,14,18:38:00,Spotted Bass,12,0.81,Paddletail,39.5834445,-80.00942255,1
4/26/2024,14,18:43:00,Smallmouth Bass,15,1.38,Paddletail,39.58277197,-80.00963935,1
4/26/2024,14,19:11:00,Walleye,18,1.47,Paddletail,39.58297577,-80.0098738,1
4/26/2024,14,19:15:00,Smallmouth Bass,15,1.25,Paddletail,39.58376079,-80.00994263,1
4/26/2024,14,19:38:00,Sauger,13,0.55,Paddletail,39.58342019,-80.01006942,1
4/28/2024,14,17:27:00,Smallmouth Bass,13.5,1.12,Paddletail,39.58289125,-80.01007214,1
4/28/2024,14,17:42:00,Largemouth Bass,16,1.91,Paddletail,39.58304607,-80.00949698,1
4/28/2024,14,17:58:00,Smallmouth Bass,11,0.35,Paddletail,39.58288719,-80.00964987,1
4/28/2024,14,18:00:00,Spotted Bass,12,0.55,Paddletail,39.58333681,-80.00994472,1
4/28/2024,14,19:29:00,Spotted Bass,12,0.72,Paddletail,39.58356715,-80.00971461,1
4/29/2024,4,12:33:00,Yellow Perch,8,0.15,Crappie Magnet,39.70171326,-79.84406547,1
4/29/2024,4,12:37:00,Yellow Perch,9,0.2,Crappie Magnet,39.70217685,-79.84385191,1
4/29/2024,4,13:27:00,Black Crappie,12,0.7,Crappie Magnet,39.69965552,-79.84403313,1
5/1/2024,4,6:47:00,Spotted Bass,8,0.2,Popper,39.70803563,-79.83566471,1
5/1/2024,4,10:40:00,Black Crappie,9,0.44,Crappie Magnet,39.70224275,-79.84330592,1
5/1/2024,4,10:46:00,Yellow Perch,7,0.1,Crappie Magnet,39.70125397,-79.84353512,1
5/1/2024,14,17:54:00,Spotted Bass,10,0.35,Paddletail,39.58339934,-80.00987443,1
5/1/2024,14,17:57:00,Spotted Bass,13.5,1.05,Paddletail,39.58358069,-80.00995985,1
5/1/2024,14,18:01:00,Spotted Bass,12,0.63,Paddletail,39.58272202,-80.00927394,1
5/1/2024,14,18:12:00,Spotted Bass,10,0.4,Paddletail,39.58315267,-80.01013319,1
5/1/2024,14,18:28:00,Smallmouth Bass,10,0.35,Paddletail,39.58391748,-80.01022167,1
5/1/2024,14,18:50:00,Spotted Bass,14,1.14,Paddletail,39.58281501,-80.00947402,1
5/1/2024,14,18:59:00,Spotted Bass,10,0.35,Paddletail,39.58288902,-80.00969641,1
5/1/2024,14,19:01:00,Spotted Bass,10,0.35,Paddletail,39.58288439,-80.00922398,1
5/1/2024,14,19:03:00,Sauger,16,0.99,Paddletail,39.5833454,-80.00951968,1
5/1/2024,14,19:23:00,Spotted Bass,12,0.6,Paddletail,39.58335371,-80.00992689,1
5/2/2024,4,1:56:00,Largemouth Bass,15,1.52,Crappie Magnet,39.6782606,-79.85889668,1
5/3/2024,7,9:24:00,Largemouth Bass,13,0.9,Crappie Magnet,39.62904324,-79.95263234,1
5/3/2024,7,9:34:00,Rock Bass,7,0.2,Crappie Magnet,39.62882048,-79.95285897,1
5/3/2024,7,9:39:00,Rock Bass,8,0.25,Paddletail,39.62892269,-79.95270926,1
5/3/2024,7,10:07:00,Smallmouth Bass,12,0.57,Crappie Magnet,39.62522356,-79.94416663,1
5/3/2024,7,10:11:00,Smallmouth Bass,9,0.35,Crappie Magnet,39.62507005,-79.94396806,1
5/3/2024,7,10:15:00,Smallmouth Bass,13,1.03,Crappie Magnet,39.62428148,-79.94432996,1
5/3/2024,7,10:17:00,Smallmouth Bass,9,0.3,Paddletail,39.62427364,-79.94379587,1
5/3/2024,7,10:22:00,Smallmouth Bass,9,0.3,Paddletail,39.62446787,-79.94416849,1
5/3/2024,7,10:26:00,Smallmouth Bass,9,0.3,Paddletail,39.62447224,-79.94364628,1
5/3/2024,7,10:30:00,Smallmouth Bass,10,0.4,Paddletail,39.62449798,-79.94392846,1
5/3/2024,7,10:41:00,Smallmouth Bass,11,0.55,Paddletail,39.62443386,-79.94374675,1
5/3/2024,7,10:43:00,Smallmouth Bass,9,0.25,Paddletail,39.62478831,-79.94350074,1
5/3/2024,7,10:53:00,Smallmouth Bass,12,0.6,Crappie Magnet,39.62493864,-79.94486583,1
5/4/2024,4,13:17:00,Largemouth Bass,15.5,1.69,Finesse Worm,39.71458856,-79.84164414,1
5/4/2024,4,14:55:00,Largemouth Bass,15,1.13,Finesse Worm,39.70245868,-79.84632883,1
5/4/2024,4,15:29:00,Largemouth Bass,15,2,Finesse Worm,39.70102863,-79.84512813,1
5/4/2024,4,16:44:00,Largemouth Bass,16,1.65,Finesse Worm,39.70227175,-79.84626807,1
5/4/2024,4,17:18:00,Largemouth Bass,10,0.3,Finesse Worm,39.70292861,-79.84447506,1
5/4/2024,7,18:52:00,Smallmouth Bass,8,0.25,Paddletail,39.62511968,-79.94428373,1
5/5/2024,4,16:40:00,Largemouth Bass,12,0.94,Finesse Worm,39.70248148,-79.84627364,1
5/5/2024,4,16:44:00,Largemouth Bass,12,0.9,Finesse Worm,39.7021813,-79.846277,1
5/5/2024,4,17:08:00,Largemouth Bass,12,1.03,Finesse Worm,39.7010508,-79.84543808,1
5/5/2024,4,19:28:00,Largemouth Bass,13,0.9,Finesse Worm,39.70178938,-79.84588062,1
5/6/2024,7,11:28:00,Smallmouth Bass,9,0.25,Paddletail,39.6242717,-79.94394855,1
5/6/2024,7,11:33:00,Smallmouth Bass,9,0.25,Paddletail,39.62462944,-79.94414988,1
5/6/2024,7,11:57:00,Rock Bass,7,0.2,Paddletail,39.62531243,-79.9449947,1
5/6/2024,7,12:07:00,Smallmouth Bass,11,0.5,Paddletail,39.62627675,-79.9463317,1
5/6/2024,7,12:22:00,Largemouth Bass,11,0.52,Paddletail,39.62895882,-79.95270063,1
5/6/2024,7,12:26:00,Smallmouth Bass,11.5,0.63,Paddletail,39.62907683,-79.95271945,1
5/6/2024,7,12:28:00,Rock Bass,7,0.2,Paddletail,39.62942324,-79.95317464,1
5/6/2024,7,12:30:00,Rock Bass,8.5,0.39,Paddletail,39.6297191,-79.95271428,1
5/6/2024,7,12:33:00,Rock Bass,6.5,0.15,Paddletail,39.62956638,-79.95266553,1
5/6/2024,7,12:35:00,Rock Bass,6.5,0.15,Paddletail,39.62895198,-79.95272509,1
5/6/2024,7,12:40:00,Rock Bass,7,0.2,Paddletail,39.62921159,-79.95264881,1
5/6/2024,4,14:57:00,Largemouth Bass,11,0.57,Jerkbait,39.70227193,-79.84337004,1
5/6/2024,4,15:17:00,Largemouth Bass,12,0.83,Jerkbait,39.70239952,-79.84465264,1
5/6/2024,4,18:04:00,Spotted Bass,11,0.66,Finesse Worm,39.71120487,-79.84092502,1
5/6/2024,4,18:15:00,Largemouth Bass,13,1.14,Finesse Worm,39.71062527,-79.84178498,1
5/6/2024,4,18:34:00,Smallmouth Bass,7,0.15,Finesse Worm,39.7122056,-79.84588349,1
5/6/2024,4,18:42:00,Spotted Bass,8,0.2,Finesse Worm,39.7127425,-79.8458833,1
5/6/2024,4,18:47:00,Bluegill,8,0.25,Finesse Worm,39.7129168,-79.8468171,1
5/6/2024,4,19:03:00,Spotted Bass,10,0.3,Finesse Worm,39.71474036,-79.84792628,1
5/6/2024,4,19:08:00,Spotted Bass,10,0.3,Finesse Worm,39.71577045,-79.84832469,1
5/7/2024,4,16:54:00,Largemouth Bass,13,1.08,Finesse Worm,39.71503485,-79.84164111,1
5/7/2024,4,17:18:00,Largemouth Bass,16,1.82,Finesse Worm,39.71746249,-79.84237677,1
5/7/2024,4,18:02:00,Largemouth Bass,11,0.52,Finesse Worm,39.7199639,-79.83920191,1
5/8/2024,7,14:05:00,Largemouth Bass,10,0.4,Paddletail,39.62427476,-79.94387426,1
5/8/2024,7,14:09:00,Smallmouth Bass,9,0.35,Paddletail,39.62519991,-79.94386184,1
5/8/2024,7,14:23:00,Smallmouth Bass,10,0.4,Paddletail,39.62516562,-79.94378633,1
5/8/2024,7,14:31:00,Rock Bass,8,0.4,Paddletail,39.62482516,-79.94501159,1
5/8/2024,7,14:32:00,Rock Bass,8,0.4,Paddletail,39.62463347,-79.94473714,1
5/8/2024,7,14:33:00,Rock Bass,8,0.3,Paddletail,39.62477517,-79.94532529,1
5/8/2024,7,14:34:00,Rock Bass,8,0.35,Paddletail,39.624473,-79.94480474,1
5/8/2024,7,14:36:00,Rock Bass,7,0.2,Paddletail,39.62465829,-79.94517597,1
5/8/2024,7,14:37:00,Rock Bass,9,0.4,Paddletail,39.62499856,-79.94462614,1
5/8/2024,7,14:38:00,Rock Bass,6,0.15,Paddletail,39.62520668,-79.94457476,1
5/8/2024,7,14:38:00,Rock Bass,6,0.2,Paddletail,39.62471305,-79.94519256,1
5/8/2024,7,14:48:00,Rock Bass,7,0.2,Paddletail,39.62670335,-79.94594684,1
5/8/2024,7,15:00:00,Smallmouth Bass,14,1.1,Paddletail,39.62954503,-79.95300988,1
5/8/2024,7,15:02:00,Walleye,19.5,1.47,Paddletail,39.6295626,-79.95262376,1
5/8/2024,7,15:10:00,Rock Bass,6,0.15,Paddletail,39.62957984,-79.95322328,1
5/8/2024,7,15:18:00,Rock Bass,6,0.15,Paddletail,39.62958418,-79.95312814,1
5/8/2024,7,15:21:00,Rock Bass,7,0.15,Paddletail,39.62963859,-79.95340375,1
5/9/2024,4,19:21:00,Walleye,15,1.03,Live Bait,39.71538138,-79.84896601,1
5/13/2024,4,13:03:00,Channel Catfish,13,0.72,Live Bait,39.71544337,-79.8492227,1
5/13/2024,4,14:01:00,Smallmouth Bass,12,0.7,Finesse Worm,39.71535637,-79.84915654,1
5/13/2024,4,14:26:00,Largemouth Bass,13,1.12,Paddletail,39.71537649,-79.84898332,1
5/13/2024,4,14:47:00,Smallmouth Bass,13,1.03,Paddletail,39.71513163,-79.84887501,1
5/14/2024,4,9:26:00,Channel Catfish,18,1.56,Live Bait,39.71592488,-79.84874488,1
5/14/2024,17,16:19:00,Pumpkinseed,7,0.2,Gulp Minnow,40.12784334,-80.25955703,2
5/14/2024,17,16:25:00,Bluegill,8,0.25,Gulp Minnow,40.12822657,-80.25968397,2
5/14/2024,17,16:32:00,Bluegill,8.5,0.35,Gulp Minnow,40.1281627,-80.26034436,2
5/14/2024,17,17:00:00,Bluegill,8,0.25,Gulp Minnow,40.12789106,-80.25970725,2
5/14/2024,17,18:51:00,Bluegill,8.5,0.4,Nightcrawler,40.12829342,-80.26048833,2
5/14/2024,17,18:51:00,Green Sunfish,8,0.35,Nightcrawler,40.1280774,-80.26013584,2
5/14/2024,17,18:51:00,Bluegill,7,0.25,Nightcrawler,40.12745985,-80.2607788,2
5/15/2024,4,9:32:00,Bluegill,8,0.3,Trout Magnet,39.7011646,-79.84601013,1
5/15/2024,4,9:43:00,Largemouth Bass,10,0.61,Trout Magnet,39.70027219,-79.84503655,1
5/15/2024,4,10:47:00,Yellow Perch,8,0.25,Trout Magnet,39.70155132,-79.84347528,1
5/15/2024,7,15:35:00,Smallmouth Bass,10,0.34,Paddletail,39.62466222,-79.9433778,1
5/15/2024,7,15:37:00,Largemouth Bass,10,0.4,Paddletail,39.62473659,-79.94308143,1
5/15/2024,7,16:00:00,Rock Bass,6,0.15,Paddletail,39.62949139,-79.95307936,1
5/15/2024,7,16:01:00,Rock Bass,7,0.2,Paddletail,39.62959886,-79.95300626,1
5/15/2024,7,16:02:00,Rock Bass,7,0.2,Paddletail,39.62929441,-79.95280577,1
5/15/2024,7,16:07:00,Smallmouth Bass,11,0.52,Paddletail,39.6291509,-79.95298099,1
5/15/2024,7,16:09:00,Rock Bass,8,0.3,Paddletail,39.62924801,-79.95283905,1
5/15/2024,7,16:11:00,Rock Bass,7,0.2,Paddletail,39.62948455,-79.95278526,1
5/15/2024,7,16:12:00,Rock Bass,7,0.25,Paddletail,39.62899927,-79.95275471,1
5/15/2024,7,16:13:00,Rock Bass,7,0.2,Paddletail,39.62969805,-79.9531211,1
5/15/2024,7,16:17:00,Rock Bass,7,0.2,Paddletail,39.62942796,-79.95268193,1
5/15/2024,7,16:18:00,Smallmouth Bass,10.5,0.45,Paddletail,39.62939038,-79.95325584,1
5/15/2024,7,16:20:00,Rock Bass,6,0.15,Paddletail,39.6288821,-79.95259185,1
5/15/2024,7,16:21:00,Rock Bass,7,0.2,Paddletail,39.62923271,-79.95344924,1
5/15/2024,7,16:26:00,Rock Bass,8.5,0.35,Paddletail,39.62972514,-79.9530915,1
5/16/2024,4,7:51:00,Largemouth Bass,16,1.89,Craw,39.71131189,-79.84096152,1
5/16/2024,4,8:12:00,Largemouth Bass,12,0.88,Craw,39.71091516,-79.84246633,1
5/16/2024,4,8:48:00,Largemouth Bass,12,0.88,Craw,39.70250554,-79.84552199,1
5/16/2024,4,9:36:00,Largemouth Bass,13,0.97,Live Bait,39.70205176,-79.8437228,1
5/16/2024,4,10:37:00,Spotted Bass,10,0.4,Craw,39.70237794,-79.84442282,1
5/16/2024,4,11:02:00,Largemouth Bass,11,0.5,Craw,39.69917469,-79.84422706,1
5/16/2024,4,11:25:00,Largemouth Bass,21,4.43,Craw,39.6994904,-79.84494615,1
5/16/2024,4,12:22:00,Largemouth Bass,16,1.71,Craw,39.7006566,-79.84488767,1
5/16/2024,4,12:45:00,Largemouth Bass,13,1.12,Craw,39.70219846,-79.84579928,1
5/16/2024,4,13:56:00,Largemouth Bass,14,1.21,Craw,39.70224822,-79.84506377,1
5/16/2024,4,14:02:00,Largemouth Bass,12,0.8,Craw,39.70273259,-79.8447277,1
5/18/2024,4,9:23:00,Largemouth Bass,16,2,Craw,39.69979288,-79.84475424,1
5/19/2024,7,20:32:00,Smallmouth Bass,10,0.35,Paddletail,39.62937721,-79.95285742,1
5/20/2024,4,10:45:00,Largemouth Bass,13,0.9,Craw,39.7015784,-79.84514945,1
5/20/2024,4,11:27:00,Largemouth Bass,12,0.79,Craw,39.70195723,-79.84383551,1
5/20/2024,4,13:08:00,Largemouth Bass,11,0.68,Craw,39.70190199,-79.84543992,1
5/21/2024,4,9:09:00,Largemouth Bass,11,0.7,Craw,39.70094676,-79.84577816,1
5/21/2024,4,10:14:00,Largemouth Bass,11,0.77,Craw,39.70146251,-79.84406672,1
5/21/2024,14,16:22:00,Spotted Bass,9,0.3,Paddletail,39.58330676,-80.00994463,1
5/22/2024,7,14:07:00,Smallmouth Bass,9,0.3,Paddletail,39.62947283,-79.95321235,1
5/22/2024,7,14:13:00,Smallmouth Bass,11,0.66,Paddletail,39.6297239,-79.95310596,1
5/22/2024,7,14:18:00,Rock Bass,6,0.15,Paddletail,39.62971149,-79.95347429,1
5/22/2024,7,14:21:00,Rock Bass,8,0.3,Paddletail,39.62893202,-79.95327292,1
5/22/2024,7,14:28:00,Rock Bass,8,0.25,Paddletail,39.62886502,-79.9530495,1
5/22/2024,7,14:29:00,Rock Bass,7,0.2,Paddletail,39.62905281,-79.95271801,1
5/22/2024,7,14:33:00,Rock Bass,7,0.2,Paddletail,39.62982028,-79.95308923,1
5/22/2024,24,15:55:00,Largemouth Bass,10,0.3,Finesse Worm,39.6094966,-79.95901796,1
5/22/2024,24,16:21:00,Largemouth Bass,11,0.4,Finesse Worm,39.61090578,-79.95930501,1
5/22/2024,24,17:01:00,Largemouth Bass,10,0.52,Finesse Worm,39.61100019,-79.95941748,1
5/22/2024,24,17:04:00,Largemouth Bass,10,0.4,Finesse Worm,39.6107746,-79.95922996,1
5/22/2024,24,17:38:00,Largemouth Bass,9,0.3,Finesse Worm,39.61090594,-79.95912523,1
5/22/2024,24,17:46:00,Largemouth Bass,8,0.25,Finesse Worm,39.61066851,-79.95982644,1
5/22/2024,24,17:48:00,Largemouth Bass,10,0.4,Finesse Worm,39.61050102,-79.95917222,1
5/22/2024,24,18:54:00,Largemouth Bass,13,1.16,Finesse Worm,39.6101906,-79.95861777,1
5/23/2024,4,9:37:00,Largemouth Bass,12,0.83,Craw,39.69951969,-79.84496091,1
5/23/2024,4,12:27:00,Largemouth Bass,12,0.83,Craw,39.69926581,-79.84497179,1
5/23/2024,4,13:30:00,Largemouth Bass,11,0.72,Craw,39.70089322,-79.84428166,1
5/24/2024,24,12:12:00,Largemouth Bass,5,0.15,In-Line Spinner,39.60915065,-79.95951578,1
5/24/2024,24,13:27:00,Largemouth Bass,10,0.5,Nightcrawler,39.61136848,-79.95996067,1
5/26/2024,17,11:49:00,Bluegill,9,0.3,Nightcrawler,40.12759809,-80.26008496,2
5/26/2024,17,11:55:00,Bluegill,8,0.25,Nightcrawler,40.12817921,-80.26012424,2
5/26/2024,17,11:58:00,Bluegill,8,0.25,Nightcrawler,40.12802643,-80.25995929,2
5/26/2024,17,12:15:00,Pumpkinseed,6,0.15,Nightcrawler,40.12759453,-80.2602391,2
5/26/2024,17,12:21:00,Bluegill,8,0.25,Nightcrawler,40.1277145,-80.25975703,2
5/26/2024,17,12:26:00,Bluegill,8,0.25,Nightcrawler,40.12774964,-80.26017121,2
5/26/2024,17,12:41:00,Bluegill,9,0.3,Nightcrawler,40.12827116,-80.26008606,2
5/26/2024,17,12:56:00,Bluegill,8.5,0.3,Nightcrawler,40.12837383,-80.26012245,2
5/26/2024,17,13:01:00,Bluegill,8,0.25,Nightcrawler,40.12832327,-80.25956539,2
5/26/2024,17,13:05:00,Bluegill,8.5,0.3,Nightcrawler,40.12811903,-80.26006719,2
5/26/2024,17,13:19:00,Bluegill,8.5,0.3,Nightcrawler,40.12846188,-80.2596132,2
5/26/2024,17,13:30:00,Bluegill,8,0.25,Nightcrawler,40.12810618,-80.2602422,2
5/26/2024,17,13:37:00,Bluegill,8.5,0.3,Nightcrawler,40.12852428,-80.26008745,2
5/27/2024,13,18:10:00,Largemouth Bass,12,0.9,Finesse Worm,39.68631131,-80.11947979,1
5/28/2024,4,10:40:00,Largemouth Bass,11,0.81,Craw,39.70025381,-79.84464102,1
5/28/2024,4,11:47:00,Largemouth Bass,11,0.72,Craw,39.70008258,-79.84539047,1
5/28/2024,4,12:02:00,Largemouth Bass,12,0.81,Craw,39.70123041,-79.84554415,1
5/28/2024,4,20:17:00,Channel Catfish,14,0.79,Live Bait,39.71664772,-79.85025417,1
5/29/2024,7,13:09:00,Smallmouth Bass,9,0.3,Paddletail,39.62464251,-79.94499981,1
5/29/2024,7,13:11:00,Smallmouth Bass,10,0.45,Paddletail,39.62519732,-79.9447575,1
5/29/2024,7,13:41:00,Smallmouth Bass,10,0.4,Paddletail,39.62942532,-79.95284902,1
5/29/2024,7,13:43:00,Rock Bass,8,0.4,Paddletail,39.6289155,-79.95308469,1
5/29/2024,7,13:55:00,Smallmouth Bass,12,0.77,Neko Rig,39.62949527,-79.95336899,1
5/29/2024,7,14:07:00,Rock Bass,7,0.25,Neko Rig,39.62683488,-79.95678465,1
5/29/2024,7,14:10:00,Largemouth Bass,12,0.75,Neko Rig,39.62676766,-79.95740107,1
5/29/2024,7,14:12:00,Rock Bass,7,0.2,Neko Rig,39.62710248,-79.95686437,1
5/29/2024,7,14:25:00,Smallmouth Bass,10,0.5,Neko Rig,39.62682859,-79.9567816,1
5/30/2024,7,12:30:00,Smallmouth Bass,11,0.63,Neko Rig,39.62939201,-79.95209073,1
5/30/2024,7,12:34:00,Smallmouth Bass,10,0.55,Neko Rig,39.62957344,-79.95255388,1
5/30/2024,7,12:54:00,Largemouth Bass,8,0.3,Neko Rig,39.62939154,-79.95293338,1
5/30/2024,7,13:07:00,Smallmouth Bass,8,0.35,Neko Rig,39.62886729,-79.95348367,1
5/30/2024,7,13:09:00,Smallmouth Bass,13,1.12,Neko Rig,39.62943301,-79.95333125,1
5/30/2024,7,13:15:00,Rock Bass,8,0.4,Neko Rig,39.628786,-79.95318931,1
5/30/2024,7,14:04:00,Smallmouth Bass,12,0.88,Neko Rig,39.62129581,-79.92581118,1
5/30/2024,7,14:14:00,Smallmouth Bass,13,1.01,Neko Rig,39.62226628,-79.92581356,1
6/1/2024,24,18:49:00,Largemouth Bass,10,0.59,Finesse Worm,39.61021347,-79.95940814,1
6/1/2024,24,18:53:00,Green Sunfish,6,0.25,Finesse Worm,39.61052574,-79.95953164,1
6/1/2024,24,19:43:00,Largemouth Bass,10,0.5,Finesse Worm,39.61086586,-79.95933609,1
6/1/2024,24,19:47:00,Largemouth Bass,10,0.45,Finesse Worm,39.61077555,-79.95945605,1
6/1/2024,24,19:50:00,Largemouth Bass,11,0.65,Finesse Worm,39.61089972,-79.95985011,1
6/3/2024,9,14:01:00,Smallmouth Bass,10,0.4,Finesse Worm,38.63521056,-80.86424526,6
6/4/2024,20,8:05:00,Largemouth Bass,10,0.35,Finesse Worm,38.08507142,-85.77209106,9
6/4/2024,20,8:56:00,Largemouth Bass,12,1.03,Finesse Worm,38.08454561,-85.7736902,9
6/12/2024,19,17:03:00,Channel Catfish,16,1.32,Nightcrawler,30.0300157,-95.27462721,7
6/12/2024,19,17:57:00,Bowfin,18,1.98,Cutbait,30.03006654,-95.27443514,7
6/12/2024,19,18:27:00,Channel Catfish,15,0.92,Cutbait,30.03043917,-95.27467246,7
6/24/2024,15,19:52:00,Spotted Gar,26,2.65,Cutbait,30.19199863,-95.48022801,7
7/6/2024,15,19:05:00,Largemouth Bass,12,1.01,Neko Rig,30.19198945,-95.47937829,7
7/6/2024,15,19:17:00,Largemouth Bass,8,0.2,Neko Rig,30.19153223,-95.47978722,7
7/6/2024,15,19:27:00,Largemouth Bass,11,0.72,Neko Rig,30.19138891,-95.47902883,7
7/6/2024,15,19:56:00,Largemouth Bass,12.5,1.03,Neko Rig,30.19143041,-95.47717062,7
7/6/2024,15,20:10:00,Largemouth Bass,8,0.2,Neko Rig,30.19111872,-95.47721252,7
7/6/2024,15,20:16:00,Largemouth Bass,12,1,Neko Rig,30.19035979,-95.47709693,7
7/6/2024,15,20:20:00,Largemouth Bass,13,1.21,Neko Rig,30.19076897,-95.47676162,7
7/6/2024,15,20:37:00,Largemouth Bass,16,2.02,Neko Rig,30.19234926,-95.48000806,7
7/6/2024,15,20:42:00,Largemouth Bass,16,2.16,Neko Rig,30.19153381,-95.48021935,7
7/7/2024,15,11:41:00,Largemouth Bass,13,1.05,Neko Rig,30.19142425,-95.47974728,7
7/7/2024,15,11:59:00,Largemouth Bass,8,0.25,Neko Rig,30.19069767,-95.4783073,7
7/7/2024,15,12:08:00,Largemouth Bass,10,0.5,Neko Rig,30.19149938,-95.47776293,7
7/7/2024,15,12:10:00,Largemouth Bass,8,0.3,Neko Rig,30.19062163,-95.47721945,7
7/7/2024,15,12:27:00,Largemouth Bass,14,1.76,Neko Rig,30.190608,-95.4768378,7
7/7/2024,15,12:32:00,Largemouth Bass,14.5,1.67,Neko Rig,30.19067216,-95.47612938,7
7/15/2024,15,20:20:00,Largemouth Bass,10,0.5,Neko Rig,30.19183808,-95.4796677,7
7/17/2024,15,18:54:00,Largemouth Bass,12,1.01,Neko Rig,30.19107091,-95.47821913,7
7/17/2024,15,19:12:00,Largemouth Bass,12,1.23,Neko Rig,30.19097728,-95.47789432,7
7/17/2024,15,19:31:00,Largemouth Bass,10,0.7,Neko Rig,30.19116799,-95.47667506,7
7/17/2024,15,19:37:00,Largemouth Bass,12,0.91,Neko Rig,30.19049681,-95.47694342,7
7/17/2024,15,19:48:00,Largemouth Bass,12,0.9,Neko Rig,30.19041039,-95.47556657,7
7/17/2024,15,20:13:00,Largemouth Bass,11,0.75,Neko Rig,30.1919364,-95.48030275,7
7/20/2024,15,20:25:00,Largemouth Bass,9,0.4,Neko Rig,30.19126245,-95.4776023,7
7/21/2024,15,11:08:00,Largemouth Bass,10,0.61,Neko Rig,30.19232724,-95.47947681,7
8/1/2024,15,18:45:00,Largemouth Bass,17,2.42,Neko Rig,30.19220758,-95.47984438,7
8/1/2024,15,18:55:00,Largemouth Bass,13,1.14,Neko Rig,30.19151152,-95.48013602,7
8/1/2024,15,19:41:00,Largemouth Bass,13,1.08,Neko Rig,30.1909085,-95.47703996,7
8/2/2024,15,18:10:00,Largemouth Bass,13,1.14,Neko Rig,30.19162286,-95.48025442,7
8/2/2024,15,18:46:00,Largemouth Bass,13,1.21,Neko Rig,30.19072628,-95.47782182,7
8/2/2024,15,19:11:00,Largemouth Bass,13,0.9,Neko Rig,30.19055742,-95.47619418,7
8/3/2024,15,20:05:00,Channel Catfish,20,2.44,Live Bait,30.19160531,-95.47959622,7
8/3/2024,15,20:15:00,Longear Sunfish,5,0.1,Nightcrawler,30.19190316,-95.47949344,7
8/3/2024,15,20:17:00,Channel Catfish,19,1.87,Live Bait,30.19185176,-95.48016984,7
8/5/2024,15,19:16:00,Longear Sunfish,5,0.15,Nightcrawler,30.19222397,-95.47966105,7
8/5/2024,15,19:57:00,Yellow Bullhead,10,0.52,Cutbait,30.19192255,-95.48022696,7
8/8/2024,15,19:55:00,Largemouth Bass,10,0.5,Neko Rig,30.19151371,-95.48074385,7
8/8/2024,15,20:00:00,Largemouth Bass,8,0.35,Neko Rig,30.19201276,-95.48189149,7
8/10/2024,15,19:09:00,Largemouth Bass,8,0.35,Neko Rig,30.19188116,-95.47921115,7
8/10/2024,15,19:41:00,Largemouth Bass,13,0.92,Neko Rig,30.19051474,-95.47620549,7
8/10/2024,15,19:49:00,Largemouth Bass,10,0.65,Neko Rig,30.1909043,-95.4769638,7
8/12/2024,15,19:02:00,Largemouth Bass,13,1.12,Fluke,30.19090609,-95.47856357,7
8/12/2024,15,19:10:00,Largemouth Bass,8,0.3,Fluke,30.19144389,-95.47803881,7
8/12/2024,15,19:32:00,Largemouth Bass,8,0.3,Fluke,30.19024562,-95.47633634,7
8/12/2024,15,19:49:00,Largemouth Bass,8,0.3,Fluke,30.19061321,-95.47768803,7
8/12/2024,15,19:54:00,Largemouth Bass,10,0.5,Fluke,30.19076429,-95.47795196,7
8/12/2024,15,20:07:00,Largemouth Bass,13.5,1.43,Fluke,30.19149513,-95.47922761,7
8/16/2024,2,19:15:00,Largemouth Bass,12,0.9,Fluke,30.19374447,-95.48840321,7
8/16/2024,15,19:30:00,Largemouth Bass,15,1.6,Fluke,30.19273039,-95.48691703,7
8/16/2024,15,19:43:00,Largemouth Bass,15,1.41,Fluke,30.19253714,-95.48629529,7
8/16/2024,15,19:52:00,Largemouth Bass,11,0.55,Fluke,30.19249132,-95.48615036,7
8/16/2024,15,20:01:00,Largemouth Bass,10,0.45,Fluke,30.19287109,-95.48656102,7
8/16/2024,15,20:03:00,Largemouth Bass,10,0.6,Fluke,30.19277488,-95.48732889,7
8/16/2024,15,20:16:00,Largemouth Bass,11,0.7,Fluke,30.19301423,-95.48588524,7
8/17/2024,15,9:47:00,Largemouth Bass,14,1.16,Fluke,30.19297988,-95.48656244,7
8/17/2024,15,9:57:00,Largemouth Bass,12,0.85,Fluke,30.19289209,-95.4859909,7
8/17/2024,15,10:12:00,Largemouth Bass,8,0.3,Fluke,30.19234185,-95.48726584,7
8/17/2024,15,10:24:00,Largemouth Bass,9,0.35,Swimbait,30.19257371,-95.48743466,7
8/17/2024,15,10:57:00,Largemouth Bass,11,0.5,Swimbait,30.19197284,-95.48462376,7
8/17/2024,15,11:11:00,Largemouth Bass,11,0.82,Swimbait,30.19296856,-95.48658684,7
8/17/2024,15,11:17:00,Largemouth Bass,15,1.58,Swimbait,30.19216691,-95.48681501,7
8/18/2024,15,18:11:00,Largemouth Bass,13,1.08,Swimbait,30.19252859,-95.48656617,7
8/18/2024,15,18:45:00,Largemouth Bass,12,0.79,Neko Rig,30.19317051,-95.4865987,7
8/18/2024,15,18:55:00,Largemouth Bass,11,0.75,Neko Rig,30.19229245,-95.48705634,7
8/18/2024,15,19:01:00,Largemouth Bass,15,1.16,Neko Rig,30.19214416,-95.4868237,7
8/18/2024,15,19:31:00,Largemouth Bass,12,0.85,Fluke,30.19300926,-95.48656415,7
8/18/2024,2,19:58:00,Largemouth Bass,11,0.75,Fluke,30.19387736,-95.48784683,7
8/19/2024,15,19:35:00,Largemouth Bass,12,0.85,Fluke,30.19309426,-95.48633841,7
8/19/2024,15,19:50:00,Largemouth Bass,9,0.45,Fluke,30.19231904,-95.48696479,7
8/19/2024,15,19:55:00,Largemouth Bass,15,1.58,Fluke,30.19231027,-95.48698817,7
8/19/2024,15,19:57:00,Largemouth Bass,7,0.15,Fluke,30.19294845,-95.48707028,7
8/19/2024,15,20:00:00,Largemouth Bass,10,0.7,Fluke,30.19273896,-95.48723457,7
8/19/2024,15,20:11:00,Largemouth Bass,13,1.1,Fluke,30.19238259,-95.48692406,7
8/19/2024,15,20:15:00,Largemouth Bass,12,0.83,Fluke,30.19280422,-95.48631734,7
8/21/2024,15,16:08:00,Largemouth Bass,11,0.7,Fluke,30.19238563,-95.48630179,7
8/21/2024,15,16:19:00,Largemouth Bass,14,1.41,Fluke,30.19245489,-95.48613987,7
8/21/2024,15,16:35:00,Largemouth Bass,13,1.37,Fluke,30.192842,-95.48648584,7
8/21/2024,15,16:49:00,Largemouth Bass,12,0.85,Fluke,30.19263854,-95.48733341,7
8/21/2024,15,16:51:00,Largemouth Bass,10,0.5,Fluke,30.19298075,-95.48716302,7
8/21/2024,15,16:59:00,Largemouth Bass,9,0.45,Fluke,30.19278786,-95.48676899,7
8/21/2024,15,17:29:00,Largemouth Bass,12,0.83,Crappie Magnet,30.1928669,-95.48647022,7
8/21/2024,2,17:54:00,Largemouth Bass,8,0.25,Fluke,30.19450724,-95.48796393,7
8/23/2024,2,17:41:00,Largemouth Bass,10,0.5,Fluke,30.19456176,-95.48839948,7
8/23/2024,15,17:55:00,Largemouth Bass,11,0.7,Fluke,30.19295958,-95.48653951,7
8/27/2024,15,19:36:00,Largemouth Bass,11,0.74,Fluke,30.1929891,-95.48682464,7
8/27/2024,15,19:44:00,Largemouth Bass,11,0.7,Fluke,30.19222078,-95.48649551,7
8/27/2024,15,20:00:00,Largemouth Bass,19,3.08,Fluke,30.19253759,-95.48598511,7
8/27/2024,15,20:03:00,Largemouth Bass,13,1.23,Fluke,30.19308676,-95.48645388,7
8/27/2024,15,20:05:00,Largemouth Bass,11,0.7,Fluke,30.19253273,-95.48617874,7
8/28/2024,2,17:36:00,Largemouth Bass,10,0.5,Fluke,30.19379423,-95.48840729,7
8/28/2024,15,17:51:00,Largemouth Bass,13,1.12,Fluke,30.1925771,-95.48597522,7
8/28/2024,15,18:14:00,Largemouth Bass,12,0.8,Craw,30.19281068,-95.48641288,7
8/28/2024,15,18:19:00,Largemouth Bass,10,0.35,Craw,30.1926015,-95.48647946,7
8/28/2024,15,18:24:00,Largemouth Bass,10,0.4,Craw,30.1925451,-95.48643685,7
8/28/2024,15,18:30:00,Largemouth Bass,12,0.81,Craw,30.1924081,-95.48690573,7
8/28/2024,15,18:32:00,Largemouth Bass,10,0.6,Craw,30.19292995,-95.48723991,7
8/28/2024,15,18:56:00,Largemouth Bass,11,0.7,Craw,30.19302582,-95.48623901,7
9/3/2024,2,18:04:00,Largemouth Bass,10,0.5,Fluke,30.19433023,-95.48779315,7
9/3/2024,15,19:14:00,Largemouth Bass,12,0.85,Craw,30.19272415,-95.48710998,7
9/3/2024,15,19:18:00,Largemouth Bass,13,1.08,Craw,30.19218311,-95.48651224,7
9/3/2024,15,19:38:00,Largemouth Bass,17,2.31,Craw,30.19236136,-95.48641066,7
9/4/2024,15,19:16:00,Largemouth Bass,8,0.2,Craw,30.19239888,-95.48708286,7
9/9/2024,15,17:46:00,Largemouth Bass,9,0.35,Fluke,30.19235074,-95.48631273,7
9/9/2024,15,17:51:00,Largemouth Bass,10,0.5,Fluke,30.19238032,-95.48657718,7
9/9/2024,15,17:54:00,Largemouth Bass,9,0.35,Fluke,30.19231584,-95.48647793,7
9/9/2024,15,18:01:00,Largemouth Bass,8,0.25,Fluke,30.19261472,-95.48644588,7
9/9/2024,15,18:34:00,Largemouth Bass,14,1.25,Fluke,30.19273001,-95.4864484,7
9/13/2024,15,18:53:00,Largemouth Bass,15,1.78,Fluke,30.19257305,-95.48671994,7
9/17/2024,15,18:50:00,Largemouth Bass,8,0.25,Neko Rig,30.19294995,-95.48646439,7
9/17/2024,15,18:58:00,Largemouth Bass,10,0.45,Neko Rig,30.19247307,-95.48635543,7
9/17/2024,15,19:01:00,Largemouth Bass,11,0.6,Neko Rig,30.19281381,-95.48598993,7
9/17/2024,15,19:06:00,Largemouth Bass,12,0.75,Neko Rig,30.1928203,-95.48723921,7
9/17/2024,15,19:09:00,Largemouth Bass,8,0.3,Neko Rig,30.19299095,-95.48744565,7
9/17/2024,15,19:23:00,Largemouth Bass,15,1.78,Neko Rig,30.19286956,-95.48606807,7
9/19/2024,15,18:22:00,Largemouth Bass,11,0.65,Neko Rig,30.19197974,-95.48021466,7
9/19/2024,15,18:23:00,Largemouth Bass,10,0.5,Neko Rig,30.19143894,-95.47966316,7
9/19/2024,15,18:34:00,Largemouth Bass,13,1.23,Neko Rig,30.19194339,-95.48019605,7
9/19/2024,15,18:44:00,Largemouth Bass,10,0.5,Neko Rig,30.19234404,-95.47992937,7
9/19/2024,15,18:53:00,Largemouth Bass,13,1.41,Neko Rig,30.19169501,-95.48026539,7
9/19/2024,15,18:58:00,Largemouth Bass,12,1.12,Neko Rig,30.19226051,-95.48004342,7
9/19/2024,15,19:11:00,Largemouth Bass,8,0.45,Neko Rig,30.19154383,-95.47996174,7
9/19/2024,15,19:24:00,Largemouth Bass,18,3.7,Neko Rig,30.19155338,-95.4797729,7
9/20/2024,15,17:50:00,Largemouth Bass,18,3.06,Neko Rig,30.19145163,-95.47968069,7
9/20/2024,15,17:56:00,Largemouth Bass,15,1.54,Neko Rig,30.19187201,-95.48009979,7
9/20/2024,15,18:31:00,Largemouth Bass,9,0.4,Neko Rig,30.19142331,-95.47723621,7
9/20/2024,21,14:28:00,Green Sunfish,4,0.05,Nightcrawler,39.88699208,-104.9072142,3
9/20/2024,21,14:31:00,Green Sunfish,5,0.1,Nightcrawler,39.88647041,-104.9073569,3
9/20/2024,21,14:40:00,Common Carp,16.5,2.5,Nightcrawler,39.88677967,-104.9073168,3
9/20/2024,21,14:54:00,Green Sunfish,5,0.1,Nightcrawler,39.88738678,-104.9071627,3
9/20/2024,22,15:23:00,Bluegill,5,0.1,Nightcrawler,39.88963479,-104.9057575,3
9/29/2024,15,8:46:00,Largemouth Bass,12,0.9,Neko Rig,30.19224553,-95.47993824,7
9/29/2024,15,9:33:00,Largemouth Bass,10,0.65,Neko Rig,30.19175551,-95.48069581,7
9/29/2024,15,9:45:00,Largemouth Bass,10,0.5,Neko Rig,30.19225835,-95.48179186,7
9/29/2024,15,9:47:00,Largemouth Bass,11,0.75,Neko Rig,30.19255202,-95.48156418,7
9/29/2024,15,9:52:00,Largemouth Bass,8,0.3,Neko Rig,30.19231691,-95.48209973,7
9/29/2024,15,9:57:00,Largemouth Bass,10,0.55,Neko Rig,30.19175773,-95.48282207,7
9/29/2024,15,10:01:00,Largemouth Bass,10,0.5,Neko Rig,30.19210885,-95.48252661,7
9/29/2024,2,11:00:00,Largemouth Bass,8,0.35,Neko Rig,30.19385648,-95.48838268,7
9/29/2024,2,11:02:00,Largemouth Bass,8,0.35,Neko Rig,30.19390735,-95.48777869,7
9/29/2024,15,11:12:00,Largemouth Bass,11,0.65,Neko Rig,30.19177566,-95.48707413,7
9/29/2024,15,11:13:00,Largemouth Bass,8,0.3,Neko Rig,30.19176255,-95.48723071,7
9/29/2024,15,11:53:00,Largemouth Bass,10,0.5,Neko Rig,30.19212225,-95.48034913,7
9/29/2024,15,11:58:00,Largemouth Bass,10,0.55,Neko Rig,30.19222832,-95.48037112,7
10/3/2024,15,18:15:00,Largemouth Bass,10,0.45,Neko Rig,30.1925687,-95.48657313,7
10/3/2024,15,18:26:00,Largemouth Bass,12,0.88,Neko Rig,30.19239126,-95.48638971,7
10/3/2024,15,18:40:00,Largemouth Bass,10,0.5,Neko Rig,30.19275325,-95.48589037,7
10/3/2024,15,18:50:00,Largemouth Bass,14,1.25,Gulp Minnow,30.19241785,-95.48628598,7
10/3/2024,2,19:10:00,Largemouth Bass,8,0.3,Gulp Minnow,30.19357992,-95.48767189,7
10/4/2024,15,17:29:00,Largemouth Bass,17,2.84,Neko Rig,30.19284557,-95.48612158,7
10/4/2024,15,17:37:00,Largemouth Bass,8,0.35,Neko Rig,30.19319838,-95.48520513,7
10/4/2024,15,17:44:00,Largemouth Bass,4,0.05,Trout Magnet,30.19269504,-95.48576448,7
10/4/2024,15,18:00:00,Longear Sunfish,4.5,0.1,Trout Magnet,30.19181784,-95.48358198,7
10/4/2024,15,18:01:00,Redear Sunfish,6,0.15,Trout Magnet,30.1920735,-95.48401753,7
10/4/2024,15,18:04:00,Bluegill,6,0.15,Trout Magnet,30.19202075,-95.48364813,7
10/4/2024,15,18:30:00,Largemouth Bass,10,0.45,Neko Rig,30.19198374,-95.480548,7
10/4/2024,15,18:32:00,Largemouth Bass,9,0.35,Neko Rig,30.19191652,-95.48042328,7
10/4/2024,15,18:38:00,Bluegill,3.5,0.05,Trout Magnet,30.19200344,-95.48057493,7
10/4/2024,15,18:56:00,Largemouth Bass,18,3.24,Neko Rig,30.19148945,-95.47989115,7
10/6/2024,15,17:13:00,Longear Sunfish,4,0.1,Trout Magnet,30.19239474,-95.48721987,7
10/6/2024,15,17:16:00,Bluegill,4,0.1,Trout Magnet,30.19229445,-95.48723521,7
10/6/2024,15,17:18:00,Bluegill,5,0.1,Trout Magnet,30.19219776,-95.48698888,7
10/6/2024,15,17:19:00,Bluegill,4.5,0.1,Trout Magnet,30.19300607,-95.48704302,7
10/6/2024,15,17:24:00,Longear Sunfish,6,0.15,Trout Magnet,30.19275693,-95.48665038,7
10/6/2024,15,17:28:00,Largemouth Bass,8,0.3,Neko Rig,30.19227617,-95.48649141,7
10/6/2024,15,17:31:00,Largemouth Bass,9,0.4,Neko Rig,30.19253568,-95.48626085,7
10/6/2024,15,17:34:00,Largemouth Bass,10,0.5,Neko Rig,30.1925265,-95.48625668,7
10/6/2024,15,17:44:00,Largemouth Bass,14,1.32,Neko Rig,30.1924816,-95.48614993,7
10/6/2024,15,17:54:00,Longear Sunfish,5,0.15,Trout Magnet,30.19182367,-95.48416227,7
10/6/2024,15,18:02:00,Longear Sunfish,6,0.15,Trout Magnet,30.19193729,-95.48060483,7
10/6/2024,15,18:14:00,Largemouth Bass,17,2.18,Neko Rig,30.19147506,-95.48008962,7
10/6/2024,15,18:24:00,Largemouth Bass,3,0.05,Trout Magnet,30.19145304,-95.47918563,7
10/6/2024,15,18:29:00,Bluegill,6,0.2,Trout Magnet,30.19209026,-95.47975527,7
10/6/2024,15,18:32:00,Largemouth Bass,9,0.45,Trout Magnet,30.19145738,-95.47961359,7
10/6/2024,15,18:35:00,Longear Sunfish,4,0.1,Trout Magnet,30.19130391,-95.48003007,7
10/6/2024,15,18:37:00,Largemouth Bass,10,0.5,Trout Magnet,30.19215138,-95.4796198,7
10/6/2024,15,18:52:00,Bluegill,4,0.05,Trout Magnet,30.19208016,-95.47999522,7
10/6/2024,15,19:04:00,Spotted Gar,24,1.8,Cutbait,30.19217306,-95.47980818,7
10/7/2024,2,18:12:00,Largemouth Bass,12,0.88,Neko Rig,30.19408184,-95.48803727,7
10/7/2024,2,18:14:00,Largemouth Bass,10,0.55,Neko Rig,30.19404008,-95.48794052,7
10/7/2024,15,18:30:00,Largemouth Bass,8,0.35,Neko Rig,30.19246964,-95.48639706,7
10/7/2024,15,18:54:00,Largemouth Bass,8,0.3,Neko Rig,30.19301654,-95.48614004,7
10/14/2024,2,17:22:00,Longear Sunfish,4,0.1,Trout Magnet,30.19361282,-95.48802627,7
10/14/2024,15,17:30:00,Bluegill,4,0.1,Trout Magnet,30.19308655,-95.48710009,7
10/14/2024,15,17:32:00,Largemouth Bass,5,0.1,Trout Magnet,30.19277604,-95.48670772,7
10/14/2024,15,17:48:00,Bluegill,5,0.15,Trout Magnet,30.1926581,-95.48683708,7
10/14/2024,15,17:50:00,Largemouth Bass,8,0.35,Trout Magnet,30.19215731,-95.48615273,7
10/14/2024,15,18:37:00,Longear Sunfish,4,0.1,Trout Magnet,30.19255477,-95.48610187,7
10/14/2024,15,18:51:00,Largemouth Bass,13,1.19,Paddletail,30.19287251,-95.48663902,7
10/14/2024,15,18:55:00,Largemouth Bass,8,0.3,Paddletail,30.19306316,-95.48677702,7
10/14/2024,2,19:02:00,Longear Sunfish,5,0.15,Trout Magnet,30.19418966,-95.48829789,7
10/14/2024,2,19:03:00,Bluegill,4,0.1,Trout Magnet,30.1936304,-95.48864677,7
10/14/2024,2,19:05:00,Bluegill,3,0.1,Trout Magnet,30.19412351,-95.48832788,7
10/14/2024,2,19:06:00,Longear Sunfish,4,0.1,Trout Magnet,30.19358041,-95.48795754,7
10/17/2024,11,18:08:00,Bluegill,5,0.15,Trout Magnet,30.17131704,-95.47596149,7
10/17/2024,11,18:09:00,Bluegill,6,0.15,Trout Magnet,30.17131311,-95.47591807,7
10/17/2024,11,18:10:00,Bluegill,5,0.15,Trout Magnet,30.17095475,-95.47573995,7
10/17/2024,11,18:18:00,Bluegill,6,0.15,Trout Magnet,30.17127911,-95.47585953,7
10/17/2024,11,18:39:00,Largemouth Bass,7,0.25,Paddletail,30.1699463,-95.47529559,7
10/18/2024,15,7:12:00,Largemouth Bass,16,2.16,Popper,30.19175816,-95.4796428,7
10/18/2024,15,18:44:00,Channel Catfish,20,3.26,Gulp Minnow,30.19180136,-95.47963116,7
10/18/2024,15,18:52:00,Largemouth Bass,11,0.66,Gulp Minnow,30.19188035,-95.47966679,7
10/18/2024,15,19:10:00,Largemouth Bass,14,1.41,Plopper,30.19217429,-95.47921553,7
10/19/2024,15,18:19:00,Largemouth Bass,11,0.65,Neko Rig,30.19167821,-95.48023102,7
10/21/2024,15,18:43:00,Bluegill,5,0.15,Trout Magnet,30.19291649,-95.48627507,7
10/21/2024,15,18:41:00,Bluegill,6,0.2,Trout Magnet,30.19279235,-95.48599581,7
10/21/2024,15,18:42:00,Bluegill,5,0.15,Trout Magnet,30.19332421,-95.48605281,7
10/21/2024,2,19:09:00,Longear Sunfish,4,0.1,Trout Magnet,30.19403239,-95.48847649,7
10/22/2024,15,7:15:00,Largemouth Bass,14,1.49,Plopper,30.19200517,-95.48007463,7
10/22/2024,15,7:40:00,Largemouth Bass,11,0.7,Fluke,30.19191875,-95.48011789,7
10/22/2024,15,7:49:00,Largemouth Bass,14,1.32,Fluke,30.19221957,-95.4793923,7
10/22/2024,15,8:08:00,Largemouth Bass,17,2.84,Fluke,30.19111166,-95.47916122,7
10/22/2024,15,17:26:00,Largemouth Bass,10,0.5,Fluke,30.19087316,-95.47859816,7
10/22/2024,15,18:46:00,Largemouth Bass,20,4.51,Fluke,30.1916348,-95.4797607,7
10/31/2024,1,17:39:00,Common Carp,15,1.82,Nightcrawler,39.95755472,-104.7577444,3
11/2/2024,18,15:51:00,Largemouth Bass,8,0.3,Spoon,39.99196152,-104.8279835,3
11/2/2024,18,16:02:00,Largemouth Bass,5,0.15,Spoon,39.99211321,-104.8280408,3
12/25/2024,12,13:43:00,Guadalupe Bass,11,0.52,Grub,30.47890433,-99.77782394,8
12/30/2024,15,9:34:00,Channel Catfish,18,1.62,Gulp Minnow,30.19160055,-95.47954726,7
12/30/2024,15,10:37:00,Black Crappie,9,0.39,Gulp Minnow,30.19165506,-95.47952289,7
12/30/2024,15,11:37:00,Largemouth Bass,5,0.1,Gulp Minnow,30.1909854,-95.47611865,7
12/30/2024,15,11:58:00,Longear Sunfish,5,0.1,Gulp Minnow,30.19076881,-95.4764712,7
12/30/2024,15,14:55:00,Black Crappie,9,0.35,Crappie Magnet,30.19288868,-95.48676933,7
12/30/2024,15,15:03:00,Black Crappie,9.5,0.44,Crappie Magnet,30.19280813,-95.4868957,7
12/30/2024,15,15:11:00,Black Crappie,9,0.35,Crappie Magnet,30.19264389,-95.48693338,7
12/30/2024,15,15:15:00,Black Crappie,10,0.46,Crappie Magnet,30.193101,-95.48714996,7
12/30/2024,15,15:26:00,Black Crappie,9.5,0.48,Crappie Magnet,30.19221593,-95.48652692,7
12/30/2024,15,15:29:00,Black Crappie,9,0.39,Crappie Magnet,30.19277327,-95.48723617,7
12/30/2024,15,15:42:00,Bluegill,6,0.25,Crappie Magnet,30.19315972,-95.48731082,7
12/30/2024,15,15:55:00,Black Crappie,9,0.39,Crappie Magnet,30.19303335,-95.48638261,7
12/30/2024,15,16:01:00,Bluegill,6,0.25,Crappie Magnet,30.19280386,-95.48655365,7
12/30/2024,15,16:04:00,Bluegill,7,0.25,Crappie Magnet,30.19245204,-95.48680383,7
12/30/2024,15,16:22:00,Black Crappie,9,0.28,Crappie Magnet,30.19248326,-95.48635218,7
12/30/2024,15,16:41:00,Black Crappie,9,0.25,Crappie Magnet,30.19235805,-95.48661815,7
12/30/2024,15,16:44:00,Black Crappie,9,0.33,Crappie Magnet,30.19294931,-95.48649265,7
12/30/2024,15,16:59:00,Black Crappie,9.5,0.44,Crappie Magnet,30.19299017,-95.4869582,7
12/30/2024,15,17:06:00,Black Crappie,9.5,0.41,Crappie Magnet,30.19285633,-95.48631263,7
12/30/2024,15,17:21:00,Black Crappie,9,0.39,Crappie Magnet,30.19238886,-95.48681843,7
12/30/2024,15,17:24:00,Black Crappie,9,0.39,Crappie Magnet,30.1928292,-95.48614408,7
1/1/2025,15,8:22:00,Bluegill,6.5,0.2,Crappie Magnet,30.19194181,-95.48024196,7
1/1/2025,15,8:28:00,Black Crappie,10,0.57,Crappie Magnet,30.19232783,-95.48002038,7
1/1/2025,2,9:12:00,Black Crappie,4,0.1,Gulp Minnow,30.19336259,-95.4879253,7
1/1/2025,2,9:18:00,Bluegill,4,0.1,Gulp Minnow,30.1941083,-95.48820903,7
1/1/2025,15,9:25:00,Bluegill,5,0.1,Gulp Minnow,30.19263744,-95.48652813,7
1/1/2025,15,9:26:00,Bluegill,5,0.1,Gulp Minnow,30.1928793,-95.48731096,7
1/1/2025,15,9:33:00,Longear Sunfish,4,0.1,Gulp Minnow,30.19232906,-95.48684602,7
1/1/2025,15,9:35:00,Bluegill,8,0.25,Gulp Minnow,30.19242127,-95.48717137,7
1/1/2025,15,9:51:00,Bluegill,6,0.1,Tube,30.19298289,-95.48647943,7
1/1/2025,15,9:55:00,Bluegill,6,0.1,Tube,30.19278339,-95.48628417,7
1/1/2025,15,9:59:00,Black Crappie,9,0.35,Tube,30.19222442,-95.48652941,7
1/1/2025,15,10:07:00,Bluegill,7,0.2,Tube,30.19296341,-95.48603694,7
1/1/2025,15,10:10:00,Black Crappie,9,0.39,Tube,30.19280759,-95.48634588,7
1/1/2025,15,10:13:00,Bluegill,6,0.1,Tube,30.19277001,-95.48606412,7
1/1/2025,15,10:17:00,Bluegill,6,0.1,Tube,30.19313026,-95.48638988,7
1/1/2025,15,10:19:00,Bluegill,7,0.2,Tube,30.19273602,-95.48637381,7
1/1/2025,15,10:22:00,Bluegill,6,0.1,Tube,30.19293686,-95.4866979,7
1/1/2025,15,10:26:00,Bluegill,6.5,0.15,Crappie Magnet,30.19316794,-95.48682115,7
1/1/2025,15,10:30:00,Black Crappie,8,0.25,Crappie Magnet,30.19264713,-95.48689103,7
1/1/2025,15,10:32:00,Bluegill,7,0.2,Crappie Magnet,30.19308726,-95.48594517,7
1/1/2025,15,10:36:00,Black Crappie,10,0.46,Crappie Magnet,30.19271506,-95.48680024,7
1/1/2025,15,10:43:00,Black Crappie,6,0.2,Crappie Magnet,30.19309763,-95.48667159,7
1/1/2025,15,10:48:00,Black Crappie,7.5,0.2,Crappie Magnet,30.19334353,-95.48649597,7
1/1/2025,15,10:52:00,Black Crappie,9,0.41,Crappie Magnet,30.19331435,-95.48650085,7
1/1/2025,15,10:54:00,Black Crappie,9.5,0.39,Crappie Magnet,30.19274197,-95.48645644,7
1/1/2025,15,11:14:00,Bluegill,6,0.1,Crappie Magnet,30.19198102,-95.48401225,7
1/1/2025,15,11:15:00,Largemouth Bass,6,0.1,Crappie Magnet,30.19139785,-95.48373592,7
1/1/2025,15,11:19:00,Black Crappie,9,0.39,Crappie Magnet,30.19127076,-95.48375119,7
1/1/2025,15,11:44:00,Bluegill,6,0.1,Crappie Magnet,30.19136457,-95.48044561,7
1/1/2025,15,11:47:00,Largemouth Bass,6,0.1,Crappie Magnet,30.19159799,-95.48011603,7
1/1/2025,15,11:53:00,Bluegill,6.5,0.15,Crappie Magnet,30.19196584,-95.47938002,7
1/1/2025,15,11:54:00,Bluegill,6,0.1,Crappie Magnet,30.19194373,-95.47946247,7
1/1/2025,15,11:55:00,Black Crappie,9,0.39,Crappie Magnet,30.19172985,-95.47951697,7
1/1/2025,15,11:58:00,Bluegill,6,0.1,Crappie Magnet,30.19176326,-95.47958742,7
1/1/2025,15,12:00:00,Bluegill,6,0.1,Crappie Magnet,30.1921384,-95.47992318,7
1/1/2025,15,12:08:00,Bluegill,6,0.1,Crappie Magnet,30.19156671,-95.47994951,7
1/1/2025,15,12:11:00,Black Crappie,10,0.59,Crappie Magnet,30.19151788,-95.47894595,7
1/1/2025,15,12:21:00,Bluegill,6,0.1,Crappie Magnet,30.19113744,-95.47876523,7
1/1/2025,15,12:24:00,Bluegill,6.5,0.1,Crappie Magnet,30.19176383,-95.47949427,7
1/1/2025,15,12:28:00,Bluegill,6,0.1,Crappie Magnet,30.19221396,-95.47955716,7
1/1/2025,15,12:33:00,Bluegill,5,0.1,Crappie Magnet,30.19204429,-95.48004802,7
1/1/2025,15,12:44:00,Largemouth Bass,10,0.41,Crappie Magnet,30.19127787,-95.48351566,7
1/1/2025,15,12:47:00,Black Crappie,9.5,0.5,Crappie Magnet,30.19167311,-95.48421286,7
1/1/2025,15,12:51:00,Bluegill,5,0.1,Crappie Magnet,30.19211382,-95.48393648,7
1/1/2025,15,13:02:00,Bluegill,7,0.2,Crappie Magnet,30.19253019,-95.48574407,7
1/1/2025,15,13:07:00,Bluegill,7,0.2,Tube,30.19332302,-95.48650242,7
1/1/2025,15,13:08:00,Bluegill,6,0.1,Tube,30.19335894,-95.48642923,7
1/1/2025,15,13:09:00,Bluegill,6,0.1,Tube,30.19326388,-95.4864145,7
1/1/2025,15,13:24:00,Largemouth Bass,16,1.91,Tube,30.1924682,-95.48611131,7
1/1/2025,15,13:27:00,Longear Sunfish,6,0.1,Tube,30.19254608,-95.48715288,7
1/1/2025,15,13:29:00,Bluegill,6,0.1,Tube,30.19260701,-95.48647703,7
1/1/2025,15,13:31:00,Bluegill,6,0.1,Tube,30.19265043,-95.48686571,7
1/1/2025,15,13:34:00,Bluegill,6,0.1,Tube,30.19242654,-95.48678896,7
1/1/2025,15,13:35:00,Bluegill,5,0.1,Tube,30.19271542,-95.48727725,7
1/1/2025,15,13:36:00,Bluegill,8,0.25,Tube,30.19312571,-95.48708223,7
1/1/2025,15,13:38:00,Black Crappie,6,0.25,Tube,30.1924613,-95.4874343,7
1/1/2025,15,13:41:00,Black Crappie,8,0.31,Tube,30.19287238,-95.48745348,7
1/1/2025,15,13:44:00,Bluegill,6,0.1,Tube,30.19267069,-95.48748855,7
1/1/2025,15,14:41:00,Black Crappie,9.5,0.42,Crappie Magnet,30.19294379,-95.48722129,7
1/1/2025,15,14:55:00,Bluegill,6,0.1,Crappie Magnet,30.19310887,-95.48653837,7
1/1/2025,15,14:59:00,Bluegill,7,0.15,Crappie Magnet,30.19281243,-95.4865963,7
1/1/2025,15,15:03:00,Bluegill,7,0.15,Crappie Magnet,30.19312169,-95.48678117,7
1/1/2025,15,15:04:00,Black Crappie,5,0.15,Crappie Magnet,30.19281629,-95.48690468,7
1/1/2025,15,15:07:00,Bluegill,7,0.2,Crappie Magnet,30.19257814,-95.48622554,7
1/1/2025,15,15:08:00,Bluegill,6,0.15,Crappie Magnet,30.19257898,-95.48610521,7
1/1/2025,15,15:27:00,Largemouth Bass,11,0.95,Crappie Magnet,30.19045474,-95.47699939,7
1/1/2025,15,15:32:00,Bluegill,6,0.15,Crappie Magnet,30.19043326,-95.47663675,7
1/1/2025,15,15:33:00,Bluegill,5,0.1,Crappie Magnet,30.19038914,-95.47663355,7
1/1/2025,15,15:36:00,Bluegill,8,0.2,Crappie Magnet,30.19032159,-95.47696814,7
1/1/2025,15,15:43:00,Redear Sunfish,6,0.15,Crappie Magnet,30.1903856,-95.47595832,7
1/1/2025,15,15:52:00,Largemouth Bass,10,0.65,Crappie Magnet,30.18946529,-95.47639533,7
1/1/2025,15,16:03:00,Bluegill,6,0.15,Crappie Magnet,30.18970541,-95.47571541,7
1/1/2025,15,16:04:00,Bluegill,5,0.1,Crappie Magnet,30.19010768,-95.47569221,7
1/1/2025,15,16:07:00,Bluegill,6,0.15,Crappie Magnet,30.19034566,-95.47617337,7
1/1/2025,15,16:17:00,Bluegill,6.5,0.1,Crappie Magnet,30.19115455,-95.47615314,7
1/1/2025,15,16:19:00,Redear Sunfish,8,0.35,Crappie Magnet,30.19093951,-95.4770411,7
1/1/2025,15,16:27:00,Bluegill,5,0.1,Crappie Magnet,30.19040172,-95.47670829,7
1/1/2025,15,16:28:00,Bluegill,6.5,0.15,Crappie Magnet,30.19097744,-95.47693102,7
1/1/2025,15,16:41:00,Largemouth Bass,14,1.47,Crappie Magnet,30.19020047,-95.47655617,7
1/1/2025,15,17:21:00,Bluegill,5,0.1,Crappie Magnet,30.19143129,-95.47991317,7
1/1/2025,15,17:22:00,Bluegill,5,0.1,Crappie Magnet,30.19165272,-95.47991033,7
1/1/2025,15,17:28:00,Bluegill,7,0.3,Tube,30.19188614,-95.479918,7
1/1/2025,15,17:29:00,Bluegill,5,0.1,Tube,30.19145867,-95.47993719,7
1/1/2025,15,17:30:00,Bluegill,5,0.1,Tube,30.19179348,-95.47940504,7
1/1/2025,15,17:31:00,Bluegill,5,0.1,Tube,30.19176626,-95.47972721,7
1/1/2025,15,17:48:00,Black Crappie,9.5,0.5,Crappie Magnet,30.19170588,-95.47944264,7
1/7/2025,15,17:30:00,Bluegill,7.5,0.25,Crappie Magnet,30.19193643,-95.47959287,7
1/9/2025,15,17:12:00,Black Crappie,4,0.1,Crappie Magnet,30.19243505,-95.48696326,7
1/9/2025,15,17:16:00,Black Crappie,8.5,0.31,Crappie Magnet,30.1927298,-95.4860929,7
1/11/2025,12,16:48:00,Guadalupe Bass,7.5,0.25,Crappie Magnet,30.47895222,-99.77885758,8
4/27/2025,7,6:38:00,Smallmouth Bass,12,0.77,Paddletail,39.62905701,-79.93421282,1
4/27/2025,7,6:53:00,Smallmouth Bass,13,0.81,Paddletail,39.62435,-79.94386238,1
4/27/2025,7,7:02:00,Largemouth Bass,9.5,0.45,Paddletail,39.62468215,-79.94441017,1
4/27/2025,7,7:05:00,Largemouth Bass,10,0.55,Paddletail,39.62434092,-79.94506249,1
4/27/2025,7,7:14:00,Smallmouth Bass,11.5,0.79,Paddletail,39.62504342,-79.94496808,1
4/27/2025,7,7:27:00,Smallmouth Bass,11,0.63,Paddletail,39.62695687,-79.94668863,1
4/27/2025,7,8:01:00,Smallmouth Bass,14,1.25,Neko Rig,39.62915497,-79.95310161,1
4/27/2025,7,8:16:00,Smallmouth Bass,11,0.65,Neko Rig,39.62697927,-79.95711456,1
4/27/2025,7,18:09:00,Smallmouth Bass,11,0.74,Paddletail,39.62432372,-79.94470444,1
4/27/2025,7,18:14:00,Smallmouth Bass,11,0.68,Paddletail,39.62521866,-79.94469431,1
4/27/2025,7,18:33:00,Smallmouth Bass,11.5,0.85,Paddletail,39.62623654,-79.94609506,1
4/27/2025,7,19:04:00,Rock Bass,6,0.25,Paddletail,39.62942574,-79.95330983,1
4/27/2025,7,19:06:00,Rock Bass,6,0.25,Paddletail,39.62914006,-79.9529632,1
4/27/2025,7,19:07:00,Rock Bass,7,0.3,Paddletail,39.62927521,-79.95311635,1
4/27/2025,7,19:09:00,Rock Bass,6,0.25,Paddletail,39.62883704,-79.953298,1
4/27/2025,7,19:13:00,Rock Bass,6,0.25,Paddletail,39.62955946,-79.95315608,1
4/28/2025,14,7:20:00,Spotted Bass,12,0.72,Paddletail,39.58317668,-80.00990287,1
4/28/2025,14,7:23:00,White Bass,14,1.76,Paddletail,39.5828278,-80.00914494,1
4/28/2025,14,7:39:00,Smallmouth Bass,12,0.97,Paddletail,39.58302334,-80.00946425,1
4/28/2025,14,7:42:00,Spotted Bass,11,0.52,Paddletail,39.58281165,-80.00941759,1
4/28/2025,14,7:44:00,Smallmouth Bass,13,1.05,Paddletail,39.58296909,-80.01004725,1
4/28/2025,14,8:03:00,Smallmouth Bass,13,1.05,Paddletail,39.5833165,-80.00963741,1
4/28/2025,14,8:53:00,Spotted Bass,11,0.75,Paddletail,39.5829734,-80.0091482,1
4/29/2025,7,12:37:00,Smallmouth Bass,13.5,1.3,Paddletail,39.62478092,-79.94447104,1
4/29/2025,7,12:42:00,Smallmouth Bass,11,0.9,Paddletail,39.62476207,-79.94405371,1
4/29/2025,7,12:46:00,Smallmouth Bass,11,0.75,Paddletail,39.62497738,-79.94430171,1
4/29/2025,7,12:49:00,Smallmouth Bass,11,0.79,Paddletail,39.62509995,-79.94392585,1
4/29/2025,7,12:52:00,Smallmouth Bass,12,0.99,Paddletail,39.62517697,-79.94430176,1
4/29/2025,7,13:06:00,Smallmouth Bass,13.5,1.42,Paddletail,39.6248673,-79.94509788,1
4/29/2025,7,13:13:00,Smallmouth Bass,12,1.01,Paddletail,39.62696011,-79.94584432,1
4/29/2025,7,13:14:00,Largemouth Bass,10,0.4,Paddletail,39.62704929,-79.94601381,1
4/29/2025,14,15:43:00,Smallmouth Bass,14,1.34,Paddletail,39.58306993,-80.01006951,1
4/29/2025,14,15:49:00,Smallmouth Bass,13,0.99,Paddletail,39.58362949,-80.00968939,1
4/29/2025,14,16:35:00,Smallmouth Bass,13,1.03,Paddletail,39.58278729,-80.00949388,1
4/30/2025,14,18:43:00,Spotted Bass,11,0.52,Paddletail,39.58271029,-80.00977627,1
4/30/2025,14,18:47:00,Smallmouth Bass,12,0.92,Paddletail,39.58278159,-80.00925743,1
4/30/2025,14,18:55:00,Smallmouth Bass,12,0.94,Paddletail,39.58308763,-80.00960054,1
4/30/2025,3,20:06:00,Spotted Bass,9,0.4,Neko Rig,39.58636026,-79.97634676,1
5/1/2025,7,6:52:00,Smallmouth Bass,13.5,1.27,Paddletail,39.62449074,-79.94390122,1
5/1/2025,7,7:00:00,Rock Bass,6,0.25,Paddletail,39.62454338,-79.94475508,1
5/1/2025,7,7:02:00,Rock Bass,6.5,0.25,Paddletail,39.62502481,-79.94510183,1
5/1/2025,7,7:16:00,Smallmouth Bass,13,1.1,Neko Rig,39.62672389,-79.94634702,1
5/1/2025,7,7:42:00,Rock Bass,6,0.25,Neko Rig,39.62950866,-79.95263439,1
5/1/2025,24,8:42:00,Largemouth Bass,10,0.55,Neko Rig,39.61103748,-79.96148367,1
5/2/2025,4,7:53:00,Walleye,16,1.47,Live Bait,39.71344301,-79.84658838,1
5/2/2025,17,20:32:00,Pumpkinseed,6,0.1,Nightcrawler,40.12828942,-80.26051083,2
5/2/2025,17,20:35:00,Bluegill,8.25,0.25,Nightcrawler,40.12841585,-80.25963339,2
5/3/2025,6,20:29:00,Largemouth Bass,5,0.15,Trout Magnet,40.25681022,-80.40072146,2
5/4/2025,6,12:32:00,Largemouth Bass,13,1.05,Trout Magnet,40.24831237,-80.41636191,2
5/4/2025,6,13:23:00,Black Crappie,9.5,0.39,Trout Magnet,40.24833608,-80.41620402,2
5/6/2025,10,22:30:00,Largemouth Bass,13,1.21,Paddletail,41.50947385,-81.69731354,4
5/6/2025,10,22:54:00,Largemouth Bass,17,2.93,Paddletail,41.50921877,-81.69711354,4
5/6/2025,10,23:00:00,Largemouth Bass,16,2.35,Paddletail,41.50898911,-81.69698186,4
5/6/2025,10,23:08:00,Largemouth Bass,20,4.4,Paddletail,41.50946096,-81.69678302,4
5/6/2025,10,23:20:00,Smallmouth Bass,16,2.22,Paddletail,41.50897151,-81.69700087,4
5/6/2025,10,23:26:00,Largemouth Bass,14,1.36,Paddletail,41.50943189,-81.69666152,4
5/6/2025,10,23:33:00,Largemouth Bass,11,0.63,Paddletail,41.50924516,-81.69742045,4
5/6/2025,10,23:56:00,Largemouth Bass,14,1.44,Paddletail,41.50953623,-81.6974264,4
5/7/2025,10,0:02:00,Largemouth Bass,11,0.65,Paddletail,41.50963594,-81.69673238,4
5/7/2025,10,0:42:00,Largemouth Bass,11.5,0.68,Paddletail,41.50954137,-81.69710052,4
5/7/2025,10,1:01:00,Largemouth Bass,14,1.71,Paddletail,41.51019308,-81.69769153,4
5/7/2025,10,13:36:00,Largemouth Bass,14,1.82,Paddletail,41.50968789,-81.69798335,4
5/7/2025,10,13:59:00,Largemouth Bass,11,0.65,Paddletail,41.50952464,-81.69712409,4
5/7/2025,10,14:02:00,Largemouth Bass,10,0.5,Paddletail,41.50890498,-81.6974576,4
5/7/2025,10,14:09:00,Largemouth Bass,11,0.92,Paddletail,41.50953891,-81.69732535,4
5/7/2025,10,14:34:00,Largemouth Bass,15,2.13,Paddletail,41.50890904,-81.6971833,4
5/11/2025,7,18:50:00,Rock Bass,8,0.35,Neko Rig,39.62430182,-79.94411482,1
5/12/2025,14,8:42:00,Smallmouth Bass,10.5,0.63,Paddletail,39.58272264,-80.00956463,1
5/12/2025,14,8:45:00,Sauger,13,0.55,Paddletail,39.58315979,-80.00983809,1
5/12/2025,14,8:48:00,Sauger,13,0.57,Paddletail,39.58352565,-80.00944708,1
5/12/2025,14,9:08:00,Largemouth Bass,12,0.68,Paddletail,39.58352479,-80.0100182,1
5/12/2025,14,9:13:00,Smallmouth Bass,11.5,0.83,Paddletail,39.58316643,-80.0101428,1
5/12/2025,14,9:24:00,Sauger,12,0.44,Paddletail,39.58291214,-80.00937939,1
5/12/2025,14,9:29:00,Largemouth Bass,9.5,0.44,Paddletail,39.58340128,-80.00928774,1
5/12/2025,14,9:45:00,Spotted Bass,11,0.65,Paddletail,39.58323965,-80.01002515,1
5/15/2025,14,6:58:00,Spotted Bass,11,0.63,Paddletail,39.58326284,-80.00985625,1
5/15/2025,14,7:03:00,Spotted Bass,14.5,1.38,Paddletail,39.58327685,-80.0091894,1
5/15/2025,14,7:12:00,Largemouth Bass,9,0.41,Paddletail,39.58335004,-80.00977546,1
5/15/2025,14,7:15:00,Spotted Bass,11,0.63,Paddletail,39.58358759,-80.00932107,1
5/15/2025,14,7:26:00,Smallmouth Bass,13,0.88,Paddletail,39.58350002,-80.00978985,1
5/15/2025,14,7:42:00,Smallmouth Bass,19,3.17,Paddletail,39.58355048,-80.0095747,1
5/15/2025,14,7:48:00,Largemouth Bass,16,2.38,Paddletail,39.58348029,-80.01013954,1
5/15/2025,14,7:51:00,Spotted Bass,14,1.38,Paddletail,39.58336714,-80.00983098,1
5/15/2025,14,8:22:00,White Bass,14,1.23,Paddletail,39.58323969,-80.01112309,1
5/15/2025,14,8:31:00,Largemouth Bass,15.5,1.8,Paddletail,39.58270051,-80.00979963,1
5/16/2025,4,17:49:00,Spotted Bass,10,0.59,Trout Magnet,39.70705705,-79.83659586,1
5/16/2025,4,17:51:00,Bluegill,7,0.15,Trout Magnet,39.70677004,-79.83603457,1
5/16/2025,4,17:57:00,Bluegill,5,0.1,Trout Magnet,39.70700282,-79.83629892,1
5/16/2025,4,18:17:00,Black Crappie,11.5,0.77,Paddletail,39.70750565,-79.83799078,1
5/16/2025,4,18:24:00,Smallmouth Bass,6,0.1,Paddletail,39.70606002,-79.83571414,1
5/16/2025,4,19:34:00,Black Crappie,10.5,0.61,Paddletail,39.70698358,-79.83660229,1
5/17/2025,4,8:22:00,Largemouth Bass,14.5,1.34,Paddletail,39.707816,-79.83841532,1
5/17/2025,4,8:32:00,White Bass,13.5,1.23,Paddletail,39.70806764,-79.83813374,1
5/17/2025,4,8:55:00,Spotted Bass,13,0.83,Paddletail,39.70841365,-79.83865887,1
5/17/2025,4,10:10:00,Black Crappie,12.5,1.8,Paddletail,39.70938395,-79.83722636,1
5/17/2025,4,15:58:00,Black Crappie,10,0.46,Paddletail,39.70877031,-79.83776027,1
5/17/2025,4,16:01:00,Black Crappie,11.5,0.66,Paddletail,39.70917276,-79.83695196,1
5/17/2025,4,20:01:00,Bluegill,7.5,0.25,Nightcrawler,39.70955871,-79.83773268,1
5/18/2025,4,8:05:00,Bluegill,6,0.1,Paddletail,39.7022856,-79.84366363,1
5/18/2025,4,8:22:00,Green Sunfish,6,0.15,Paddletail,39.70220824,-79.84421673,1
5/18/2025,4,9:29:00,Largemouth Bass,10.5,0.7,Paddletail,39.70060073,-79.84446591,1
5/18/2025,4,11:40:00,Largemouth Bass,5,0.1,Paddletail,39.70284908,-79.84532929,1
5/18/2025,14,18:26:00,Smallmouth Bass,18.5,2.75,Paddletail,39.58363858,-80.00970594,1
5/18/2025,14,19:03:00,Sauger,12,0.39,Paddletail,39.58278351,-80.00986215,1
5/18/2025,14,19:25:00,Sauger,12.5,0.55,Paddletail,39.58271865,-80.00993713,1
5/20/2025,14,7:42:00,Sauger,13,0.55,Paddletail,39.58364877,-80.00980289,1
5/20/2025,14,7:47:00,Sauger,12.5,0.48,Paddletail,39.58342451,-80.00968774,1
5/20/2025,14,8:08:00,Sauger,12.5,0.52,Paddletail,39.58335215,-80.0096484,1
5/20/2025,14,8:15:00,Sauger,11,0.33,Paddletail,39.58284815,-80.00995977,1
5/23/2025,7,18:13:00,Smallmouth Bass,12,0.9,Paddletail,39.62652096,-79.94622167,1
5/24/2025,14,10:09:00,Smallmouth Bass,13,0.88,Paddletail,39.5831502,-80.00953925,1
5/24/2025,7,11:08:00,Smallmouth Bass,9.5,0.5,Paddletail,39.6261761,-79.94636572,1
5/24/2025,7,11:49:00,Smallmouth Bass,13,1.05,Paddletail,39.62932781,-79.95153853,1
5/25/2025,17,21:46:00,Bluegill,8.5,0.2,Nightcrawler,40.12797892,-80.25994506,2
5/25/2025,17,21:51:00,Bluegill,8,0.2,Nightcrawler,40.12822776,-80.2591811,2
5/25/2025,17,22:00:00,Bluegill,8,0.2,Nightcrawler,40.12833971,-80.25967287,2
5/25/2025,17,22:17:00,Bluegill,8,0.2,Nightcrawler,40.12794651,-80.2601272,2
5/25/2025,17,22:21:00,Pumpkinseed,6.5,0.15,Nightcrawler,40.12832685,-80.26014515,2
5/25/2025,17,22:24:00,Bluegill,7.5,0.15,Nightcrawler,40.12747235,-80.26062486,2
5/26/2025,7,18:07:00,Smallmouth Bass,15,1.56,Paddletail,39.62687066,-79.94646488,1
5/26/2025,7,18:17:00,Largemouth Bass,7,0.15,Paddletail,39.62664794,-79.94653994,1
5/31/2025,10,23:18:00,Rock Bass,8,0.5,Paddletail,41.50944541,-81.69736619,4
5/31/2025,10,23:58:00,Walleye,21,2.53,Paddletail,41.50920454,-81.69701845,4
6/1/2025,10,1:27:00,Rock Bass,10,0.68,Paddletail,41.50913823,-81.69708638,4
6/1/2025,10,1:30:00,Largemouth Bass,10,0.57,Paddletail,41.50909029,-81.6972325,4
6/1/2025,10,2:19:00,Largemouth Bass,15.5,1.8,Paddletail,41.50866103,-81.69735972,4
6/1/2025,10,3:47:00,Rock Bass,5,0.25,Paddletail,41.50921481,-81.69543183,4
6/1/2025,10,18:42:00,Rock Bass,6,0.25,Paddletail,41.50986099,-81.69733882,4
6/2/2025,10,19:56:00,Round Goby,4.5,0.1,Nightcrawler,41.49467487,-81.73081965,4
6/2/2025,10,21:19:00,Rock Bass,8.5,0.55,In-Line Spinner,41.49499267,-81.73127571,4
6/3/2025,10,20:32:00,Largemouth Bass,12.5,0.97,Paddletail,41.51086216,-81.69783465,4
6/3/2025,10,23:05:00,Black Crappie,7.5,0.25,Paddletail,41.50957285,-81.69513702,4
6/3/2025,10,23:32:00,Walleye,20.5,2.68,Paddletail,41.50978737,-81.69588668,4
6/4/2025,10,0:49:00,Largemouth Bass,13,1.05,Paddletail,41.50965844,-81.69735138,4
6/4/2025,10,1:19:00,Black Crappie,7.5,0.25,Paddletail,41.51015529,-81.69586506,4
6/4/2025,10,22:12:00,Rock Bass,7,0.25,Neko Rig,41.50960274,-81.69551831,4
6/4/2025,10,22:16:00,Rock Bass,7.5,0.3,Neko Rig,41.51012837,-81.69535338,4
6/4/2025,10,22:20:00,Rock Bass,9,0.59,Neko Rig,41.50956849,-81.69493555,4
6/5/2025,10,0:51:00,Rock Bass,8,0.45,Paddletail,41.51036482,-81.69516979,4
6/5/2025,10,21:34:00,Rock Bass,9,0.72,Paddletail,41.51026594,-81.69523106,4
6/5/2025,10,21:48:00,Rock Bass,7.5,0.3,Paddletail,41.50990883,-81.69498832,4
6/5/2025,10,21:59:00,Rock Bass,7.5,0.3,Paddletail,41.51058788,-81.69535109,4
6/5/2025,10,22:03:00,Rock Bass,9.5,0.7,Paddletail,41.50980122,-81.69474751,4
6/5/2025,10,22:18:00,Rock Bass,9,0.66,Paddletail,41.50975559,-81.69497675,4
6/5/2025,10,22:26:00,Rock Bass,8.5,0.6,Paddletail,41.50992983,-81.69493589,4
6/5/2025,10,22:37:00,Rock Bass,7,0.35,Paddletail,41.51021556,-81.69523409,4
6/6/2025,10,0:17:00,Yellow Perch,7,0.25,Paddletail,41.510147,-81.69463319,4
6/10/2025,7,19:04:00,Smallmouth Bass,11.5,0.79,Paddletail,39.62659349,-79.9464771,1
6/10/2025,7,19:07:00,Rock Bass,6,0.2,Paddletail,39.62651868,-79.94590718,1
6/10/2025,7,19:22:00,Sauger,14,0.59,Paddletail,39.62652657,-79.94677482,1
6/10/2025,7,19:27:00,Smallmouth Bass,14,1.27,Paddletail,39.62606878,-79.94588505,1
6/10/2025,7,19:44:00,Spotted Bass,8,0.35,Paddletail,39.62931302,-79.95199808,1
6/10/2025,7,19:52:00,Spotted Bass,6,0.2,Paddletail,39.62932551,-79.952119,1
